./Server/No_Stress/2023_01_26/adazzle_react-data-grid,/home/flakie/package/test/rowHeight.test.ts:rowHeight is number:rowHeight is number,9,timeout
./Server/No_Stress/2023_01_26/adazzle_react-data-grid,/home/flakie/package/test/sorting.test.tsx:multi column sort:multi column sort,1,timeout
./Server/No_Stress/2023_01_26/adazzle_react-data-grid,/home/flakie/package/test/TextEditor.test.tsx:TextEditor:TextEditor,9,timeout
./Server/No_Stress/2023_01_26/adazzle_react-data-grid,/home/flakie/package/test/column/colSpan.test.ts:should scroll to the merged cell when selected:colSpan should scroll to the merged cell when selected,7,timeout
./Server/No_Stress/2023_01_26/adazzle_react-data-grid,/home/flakie/package/test/rowSelection.test.tsx:toggle selection when checkbox is clicked:toggle selection when checkbox is clicked,9,timeout
./Server/No_Stress/2023_01_26/adazzle_react-data-grid,/home/flakie/package/test/rowSelection.test.tsx:toggle selection using keyboard:toggle selection using keyboard,3,OtherFlakie
./Server/No_Stress/2023_01_26/adazzle_react-data-grid,/home/flakie/package/test/column/editor.test.tsx:should open editor on double click:Editor should open editor on double click,1,timeout
./Server/No_Stress/2023_01_26/adazzle_react-data-grid,/home/flakie/package/test/column/editor.test.tsx:should scroll to the editor if selected cell is not in the viewport:Editor should scroll to the editor if selected cell is not in the viewport,2,timeout
./Server/No_Stress/2023_01_26/adazzle_react-data-grid,/home/flakie/package/test/grouping.test.tsx:should toggle group when group cell is clicked:should toggle group when group cell is clicked,3,timeout
./Server/No_Stress/2023_01_26/adazzle_react-data-grid,"/home/flakie/package/test/keyboardNavigation.test.tsx:cellNavigationMode=""CHANGE_ROW"":cellNavigationMode=""CHANGE_ROW""",6,OtherFlakie
./Server/No_Stress/2023_01_26/algolia_algoliasearch-client-javascript,/home/flakie/package/packages/requester-node-http/src/__tests__/unit/node-http-requester.test.ts:timeouts with the given 1 seconds connection timeout:timeout handling timeouts with the given 1 seconds connection timeout,6,OtherFlakie
./Server/No_Stress/2023_01_26/algolia_algoliasearch-client-javascript,/home/flakie/package/packages/requester-browser-xhr/src/__tests__/unit/browser-xhr-requester.test.ts:connection timeouts with the given 1 seconds connection timeout:timeout handling connection timeouts with the given 1 seconds connection timeout,7,OtherFlakie
./Server/No_Stress/2023_01_26/algolia_algoliasearch-client-javascript,/home/flakie/package/packages/requester-browser-xhr/src/__tests__/unit/browser-xhr-requester.test.ts:conection timeouts with the given 2 seconds connection timeout:timeout handling conection timeouts with the given 2 seconds connection timeout,1,OtherFlakie
./Server/No_Stress/2023_01_26/algolia_algoliasearch-client-javascript,/home/flakie/package/packages/requester-fetch/src/__tests__/unit/fetch-requester.test.ts:resolves dns not found:error handling resolves dns not found,1,OtherFlakie
./Server/No_Stress/2023_01_26/amzn_style-dictionary,/home/flakie/package/__tests__/buildFiles.test.js:should work without buildPath:buildFiles should work without buildPath,2,OtherFlakie
./Server/No_Stress/2023_01_26/amzn_style-dictionary,/home/flakie/package/__integration__/objectValues.test.js:should match snapshot:integration object values css/variables hsl syntax should match snapshot,0,SuiteFailRun
./Server/No_Stress/2023_01_26/amzn_style-dictionary,/home/flakie/package/__integration__/objectValues.test.js:should match snapshot:integration object values css/variables hsl syntax with references should match snapshot,0,SuiteFailRun
./Server/No_Stress/2023_01_26/amzn_style-dictionary,/home/flakie/package/__integration__/objectValues.test.js:should match snapshot:integration object values css/variables hex syntax should match snapshot,0,SuiteFailRun
./Server/No_Stress/2023_01_26/amzn_style-dictionary,/home/flakie/package/__integration__/objectValues.test.js:should match snapshot:integration object values css/variables hex syntax with references should match snapshot,0,SuiteFailRun
./Server/No_Stress/2023_01_26/amzn_style-dictionary,/home/flakie/package/__integration__/objectValues.test.js:should match snapshot:integration object values css/variables border should match snapshot,0,SuiteFailRun
./Server/No_Stress/2023_01_26/amzn_style-dictionary,/home/flakie/package/__integration__/objectValues.test.js:should match snapshot:integration object values css/variables border with references should match snapshot,0,SuiteFailRun
./Server/No_Stress/2023_01_26/amzn_style-dictionary,/home/flakie/package/__integration__/objectValues.test.js:should match snapshot:integration object values css/variables shadow should match snapshot,2,OtherFlakie
./Server/No_Stress/2023_01_26/amzn_style-dictionary,/home/flakie/package/__integration__/objectValues.test.js:should match snapshot with references:integration object values css/variables shadow should match snapshot with references,2,OtherFlakie
./Server/No_Stress/2023_01_26/amzn_style-dictionary,/home/flakie/package/__integration__/objectValues.test.js:should match snapshot:integration object values scss/variables should match snapshot,0,SuiteFailRun
./Server/No_Stress/2023_01_26/amzn_style-dictionary,/home/flakie/package/__integration__/objectValues.test.js:should match snapshot:integration object values scss/variables with references should match snapshot,0,SuiteFailRun
./Server/No_Stress/2023_01_26/amzn_style-dictionary,/home/flakie/package/__integration__/customFileHeader.test.js:registered file header should match snapshot:integration valid custom file headers file options registered file header should match snapshot,1,OtherFlakie
./Server/No_Stress/2023_01_26/amzn_style-dictionary,/home/flakie/package/__integration__/customFileHeader.test.js:config file header should match snapshot:integration valid custom file headers file options config file header should match snapshot,1,OtherFlakie
./Server/No_Stress/2023_01_26/amzn_style-dictionary,/home/flakie/package/__integration__/customFileHeader.test.js:inline file header should match snapshot:integration valid custom file headers file options inline file header should match snapshot,1,OtherFlakie
./Server/No_Stress/2023_01_26/amzn_style-dictionary,/home/flakie/package/__integration__/showFileHeader.test.js:should show file header if no file options set:integration showFileHeader without platform options should show file header if no file options set,2,OtherFlakie
./Server/No_Stress/2023_01_26/amzn_style-dictionary,/home/flakie/package/__integration__/showFileHeader.test.js:should not show file header if file options set to false:integration showFileHeader without platform options should not show file header if file options set to false,1,OtherFlakie
./Server/No_Stress/2023_01_26/amzn_style-dictionary,/home/flakie/package/__integration__/showFileHeader.test.js:should not show file header if no file options set:integration showFileHeader with platform options set to false should not show file header if no file options set,1,OtherFlakie
./Server/No_Stress/2023_01_26/amzn_style-dictionary,/home/flakie/package/__integration__/showFileHeader.test.js:should show file header if file options set to true:integration showFileHeader with platform options set to false should show file header if file options set to true,1,OtherFlakie
./Server/No_Stress/2023_01_26/amzn_style-dictionary,/home/flakie/package/__tests__/buildPlatform.test.js:should build web platform files:buildPlatform should build web platform files,1,OtherFlakie
./Server/No_Stress/2023_01_26/amzn_style-dictionary,/home/flakie/package/__tests__/buildPlatform.test.js:should build scss platform files:buildPlatform should build scss platform files,2,OtherFlakie
./Server/No_Stress/2023_01_26/amzn_style-dictionary,/home/flakie/package/__tests__/buildPlatform.test.js:should build less platform files:buildPlatform should build less platform files,1,OtherFlakie
./Server/No_Stress/2023_01_26/amzn_style-dictionary,/home/flakie/package/__tests__/buildPlatform.test.js:should do android stuff:buildPlatform should do android stuff,1,OtherFlakie
./Server/No_Stress/2023_01_26/amzn_style-dictionary,/home/flakie/package/__tests__/buildPlatform.test.js:should handle non-property nodes:buildPlatform should handle non-property nodes,1,OtherFlakie
./Server/No_Stress/2023_01_26/amzn_style-dictionary,/home/flakie/package/__tests__/buildPlatform.test.js:should handle comments:buildPlatform should handle comments,1,OtherFlakie
./Server/No_Stress/2023_01_26/amzn_style-dictionary,/home/flakie/package/__tests__/cleanDirs.test.js:should delete without buildPath:cleanDirs should delete without buildPath,1,OtherFlakie
./Server/No_Stress/2023_01_26/amzn_style-dictionary,/home/flakie/package/__tests__/cleanDirs.test.js:should delete with buildPath:cleanDirs should delete with buildPath,1,OtherFlakie
./Server/No_Stress/2023_01_26/amzn_style-dictionary,/home/flakie/package/__tests__/cleanFiles.test.js:should delete without buildPath:cleanFiles should delete without buildPath,1,OtherFlakie
./Server/No_Stress/2023_01_26/amzn_style-dictionary,/home/flakie/package/__tests__/cleanPlatform.test.js:should delete the proper files:cleanPlatform should delete the proper files,1,OtherFlakie
./Server/No_Stress/2023_01_26/amzn_style-dictionary,/home/flakie/package/__tests__/cleanPlatform.test.js:should delete android stuff:cleanPlatform should delete android stuff,1,OtherFlakie
./Server/No_Stress/2023_01_26/amzn_style-dictionary,/home/flakie/package/__tests__/cleanDir.test.js:should delete a dir properly:cleanDir should delete a dir properly,1,OtherFlakie
./Server/No_Stress/2023_01_26/amzn_style-dictionary,/home/flakie/package/__tests__/cleanAllPlatforms.test.js:should work:cleanAllPlatforms should work,6,OtherFlakie
./Server/No_Stress/2023_01_26/amzn_style-dictionary,/home/flakie/package/__tests__/buildAllPlatforms.test.js:should work with json config:buildAllPlatforms should work with json config,9,OtherFlakie
./Server/No_Stress/2023_01_26/artsy_fresnel,/home/flakie/package/src/__test__/Media.test.tsx:does not warn about Media components that do not match and are empty:Media during hydration does not warn about Media components that do not match and are empty,0,SuiteFailRun
./Server/No_Stress/2023_01_26/atlassian_react-beautiful-dnd,/home/flakie/package/test/unit/state/middleware/responders/start.spec.js:should call the onBeforeDragState and onDragStart in the correct order:should call the onBeforeDragState and onDragStart in the correct order,4,OtherFlakie
./Server/No_Stress/2023_01_26/atlassian_react-beautiful-dnd,/home/flakie/package/test/unit/health/drop-dev-warnings-for-prod.spec.js:should contain warnings in development:should contain warnings in development,9,timeout
./Server/No_Stress/2023_01_26/atlassian_react-beautiful-dnd,/home/flakie/package/test/unit/health/drop-dev-warnings-for-prod.spec.js:should not contain warnings in production:should not contain warnings in production,9,timeout
