./Server/Stress_Runs/adazzle_react-data-grid,/home/flakie/package/test/column/formatter.test.tsx:can update rows:Custom formatter component can update rows,1,timeout
./Server/Stress_Runs/adazzle_react-data-grid,/home/flakie/package/test/copyPaste.test.tsx:should not allow copy/paste if onPaste & onCopy is undefined:should not allow copy/paste if onPaste & onCopy is undefined,3,timeout
./Server/Stress_Runs/adazzle_react-data-grid,/home/flakie/package/test/copyPaste.test.tsx:should allow copy/paste if both onPaste & onCopy is specified:should allow copy/paste if both onPaste & onCopy is specified,1,timeout
./Server/Stress_Runs/adazzle_react-data-grid,/home/flakie/package/test/copyPaste.test.tsx:should not allow copy on header or summary cells:should not allow copy on header or summary cells,1,timeout
./Server/Stress_Runs/adazzle_react-data-grid,/home/flakie/package/test/sorting.test.tsx:should not sort if sortable is false:should not sort if sortable is false,1,timeout
./Server/Stress_Runs/adazzle_react-data-grid,/home/flakie/package/test/sorting.test.tsx:single column sort:single column sort,1,timeout
./Server/Stress_Runs/adazzle_react-data-grid,/home/flakie/package/test/sorting.test.tsx:multi column sort:multi column sort,5,timeout
./Server/Stress_Runs/adazzle_react-data-grid,/home/flakie/package/test/rowHeight.test.ts:rowHeight is number:rowHeight is number,8,timeout
./Server/Stress_Runs/adazzle_react-data-grid,/home/flakie/package/test/rowHeight.test.ts:rowHeight is function:rowHeight is function,3,timeout
./Server/Stress_Runs/adazzle_react-data-grid,/home/flakie/package/test/TextEditor.test.tsx:TextEditor:TextEditor,7,timeout
./Server/Stress_Runs/adazzle_react-data-grid,/home/flakie/package/test/dragFill.test.tsx:should not allow dragFill if onFill is undefined:should not allow dragFill if onFill is undefined,1,timeout
./Server/Stress_Runs/adazzle_react-data-grid,/home/flakie/package/test/dragFill.test.tsx:should allow dragFill if onFill is specified:should allow dragFill if onFill is specified,2,timeout
./Server/Stress_Runs/adazzle_react-data-grid,/home/flakie/package/test/column/editor.test.tsx:should open editor on double click:Editor should open editor on double click,4,timeout
./Server/Stress_Runs/adazzle_react-data-grid,/home/flakie/package/test/column/editor.test.tsx:should open and commit changes on enter:Editor should open and commit changes on enter,3,OtherFlakie
./Server/Stress_Runs/adazzle_react-data-grid,/home/flakie/package/test/column/editor.test.tsx:should scroll to the editor if selected cell is not in the viewport:Editor should scroll to the editor if selected cell is not in the viewport,2,timeout
./Server/Stress_Runs/adazzle_react-data-grid,/home/flakie/package/test/rowSelection.test.tsx:toggle selection when checkbox is clicked:toggle selection when checkbox is clicked,8,timeout
./Server/Stress_Runs/adazzle_react-data-grid,/home/flakie/package/test/rowSelection.test.tsx:toggle selection using keyboard:toggle selection using keyboard,4,timeout
./Server/Stress_Runs/adazzle_react-data-grid,/home/flakie/package/test/rowSelection.test.tsx:select/deselect all rows when header checkbox is clicked:select/deselect all rows when header checkbox is clicked,3,timeout
./Server/Stress_Runs/adazzle_react-data-grid,"/home/flakie/package/test/keyboardNavigation.test.tsx:cellNavigationMode=""NONE"":cellNavigationMode=""NONE""",9,OtherFlakie
./Server/Stress_Runs/adazzle_react-data-grid,"/home/flakie/package/test/keyboardNavigation.test.tsx:cellNavigationMode=""CHANGE_ROW"":cellNavigationMode=""CHANGE_ROW""",5,OtherFlakie
./Server/Stress_Runs/adazzle_react-data-grid,"/home/flakie/package/test/keyboardNavigation.test.tsx:cellNavigationMode=""LOOP_OVER_ROW"":cellNavigationMode=""LOOP_OVER_ROW""",8,OtherFlakie
./Server/Stress_Runs/adazzle_react-data-grid,/home/flakie/package/test/keyboardNavigation.test.tsx:grid enter/exit:grid enter/exit,4,OtherFlakie
./Server/Stress_Runs/adazzle_react-data-grid,/home/flakie/package/test/grouping.test.tsx:should toggle group when group cell is clicked:should toggle group when group cell is clicked,4,timeout
./Server/Stress_Runs/adazzle_react-data-grid,/home/flakie/package/test/grouping.test.tsx:should toggle group using keyboard:should toggle group using keyboard,3,timeout
./Server/Stress_Runs/adazzle_react-data-grid,/home/flakie/package/test/grouping.test.tsx:should set aria-attributes:should set aria-attributes,4,timeout
./Server/Stress_Runs/adazzle_react-data-grid,/home/flakie/package/test/grouping.test.tsx:should select rows in a group:should select rows in a group,6,timeout
./Server/Stress_Runs/adazzle_react-data-grid,/home/flakie/package/test/grouping.test.tsx:cell navigation in a treegrid:cell navigation in a treegrid,9,timeout
./Server/Stress_Runs/adazzle_react-data-grid,/home/flakie/package/test/grouping.test.tsx:onFill is not supported when grouping is enabled:onFill is not supported when grouping is enabled,1,timeout
./Server/Stress_Runs/adazzle_react-data-grid,/home/flakie/package/test/grouping.test.tsx:update row using formatter:update row using formatter,1,timeout
./Server/Stress_Runs/algolia_algoliasearch-client-javascript,/home/flakie/package/packages/transporter/src/__tests__/unit/retry-strategy.test.ts:respects TTL:retry strategy respects TTL,1,OtherFlakie
./Server/Stress_Runs/algolia_algoliasearch-client-javascript,/home/flakie/package/packages/requester-browser-xhr/src/__tests__/unit/browser-xhr-requester.test.ts:connection timeouts with the given 1 seconds connection timeout:timeout handling connection timeouts with the given 1 seconds connection timeout,8,OtherFlakie
./Server/Stress_Runs/algolia_algoliasearch-client-javascript,/home/flakie/package/packages/requester-node-http/src/__tests__/unit/node-http-requester.test.ts:timeouts with the given 1 seconds connection timeout:timeout handling timeouts with the given 1 seconds connection timeout,9,OtherFlakie
./Server/Stress_Runs/alibaba_anyproxy,/home/flakie/package/test/lib/ruleLoader.spec.js:should smart load a remote module:ruleLoader should smart load a remote module,1,timeout
./Server/Stress_Runs/amzn_style-dictionary,/home/flakie/package/__integration__/showFileHeader.test.js:should show file header if no file options set:integration showFileHeader without platform options should show file header if no file options set,2,OtherFlakie
./Server/Stress_Runs/amzn_style-dictionary,/home/flakie/package/__integration__/showFileHeader.test.js:should not show file header if file options set to false:integration showFileHeader without platform options should not show file header if file options set to false,2,OtherFlakie
./Server/Stress_Runs/amzn_style-dictionary,/home/flakie/package/__integration__/showFileHeader.test.js:should not show file header if no file options set:integration showFileHeader with platform options set to false should not show file header if no file options set,2,OtherFlakie
./Server/Stress_Runs/amzn_style-dictionary,/home/flakie/package/__integration__/showFileHeader.test.js:should show file header if file options set to true:integration showFileHeader with platform options set to false should show file header if file options set to true,1,OtherFlakie
./Server/Stress_Runs/amzn_style-dictionary,/home/flakie/package/__tests__/cleanDir.test.js:should delete a dir properly:cleanDir should delete a dir properly,1,OtherFlakie
./Server/Stress_Runs/amzn_style-dictionary,/home/flakie/package/__tests__/cleanPlatform.test.js:should delete ios stuff:cleanPlatform should delete ios stuff,2,OtherFlakie
./Server/Stress_Runs/amzn_style-dictionary,/home/flakie/package/__tests__/formats/jsonFlat.test.js:should be a valid JSON file:formats json/flat should be a valid JSON file,1,OtherFlakie
./Server/Stress_Runs/amzn_style-dictionary,/home/flakie/package/__tests__/buildAllPlatforms.test.js:should work with json config:buildAllPlatforms should work with json config,6,OtherFlakie
./Server/Stress_Runs/amzn_style-dictionary,/home/flakie/package/__tests__/buildAllPlatforms.test.js:should work with js config:buildAllPlatforms should work with js config,7,OtherFlakie
./Server/Stress_Runs/amzn_style-dictionary,/home/flakie/package/__tests__/buildPlatform.test.js:should build web platform files:buildPlatform should build web platform files,2,OtherFlakie
./Server/Stress_Runs/amzn_style-dictionary,/home/flakie/package/__tests__/buildPlatform.test.js:should build less platform files:buildPlatform should build less platform files,1,OtherFlakie
./Server/Stress_Runs/amzn_style-dictionary,/home/flakie/package/__tests__/buildPlatform.test.js:should do android stuff:buildPlatform should do android stuff,2,OtherFlakie
./Server/Stress_Runs/amzn_style-dictionary,/home/flakie/package/__tests__/buildPlatform.test.js:should handle non-string values in properties:buildPlatform should handle non-string values in properties,1,OtherFlakie
./Server/Stress_Runs/amzn_style-dictionary,/home/flakie/package/__tests__/buildPlatform.test.js:should handle non-property nodes:buildPlatform should handle non-property nodes,2,OtherFlakie
./Server/Stress_Runs/amzn_style-dictionary,/home/flakie/package/__tests__/cleanDirs.test.js:should delete without buildPath:cleanDirs should delete without buildPath,2,OtherFlakie
./Server/Stress_Runs/amzn_style-dictionary,/home/flakie/package/__tests__/cleanAllPlatforms.test.js:should work:cleanAllPlatforms should work,7,OtherFlakie
./Server/Stress_Runs/amzn_style-dictionary,/home/flakie/package/__integration__/customFileHeader.test.js:config file header should match snapshot:integration valid custom file headers file options config file header should match snapshot,1,OtherFlakie
./Server/Stress_Runs/amzn_style-dictionary,/home/flakie/package/__integration__/customFileHeader.test.js:inline file header should match snapshot:integration valid custom file headers file options inline file header should match snapshot,1,OtherFlakie
./Server/Stress_Runs/amzn_style-dictionary,/home/flakie/package/__tests__/cliBuild.test.js:should work with json config:cliBuildWithJsConfig should work with json config,7,OtherFlakie
./Server/Stress_Runs/amzn_style-dictionary,/home/flakie/package/__tests__/cliBuild.test.js:should work with javascript config:cliBuildWithJsConfig should work with javascript config,7,OtherFlakie
./Server/Stress_Runs/artsy_fresnel,/home/flakie/package/src/__test__/Media.test.tsx:does not warn about Media components that do not match and are empty:Media during hydration does not warn about Media components that do not match and are empty,0,SuiteFailRun
./Server/Stress_Runs/atlassian_react-beautiful-dnd,/home/flakie/package/test/unit/docs/no-broken-links.spec.js:should use have no dead links:should use have no dead links,9,timeout
./Server/Stress_Runs/atlassian_react-beautiful-dnd,/home/flakie/package/test/unit/state/middleware/responders/start.spec.js:should call the onBeforeDragState and onDragStart in the correct order:should call the onBeforeDragState and onDragStart in the correct order,1,OtherFlakie
./Server/Stress_Runs/babel_preset-modules,/home/flakie/package/test/integration.test.js:should compile redux-todos to less code than preset-env:integration should compile redux-todos to less code than preset-env,1,timeout
