package,start time,end time,commitNum,jest,jasmine,mocha,karma,test command
generator-gulp-angular,1659476356,1659476364,58e5a66,0,0,1,0,istanbul cover _mocha -- test/node test/template && mocha test/inception/test-inception.js -ig protractor --no-insight
pourover,1659476365,1659476367,262bd99,0,0,0,0,istanbul cover _mocha -- test/node test/template && mocha test/inception/test-inception.js -ig protractor --no-insight
vue-validator,1659476367,1659476379,a88304a,0,1,1,1,npm run lint && npm run flow && npm run test:cover
ng-annotate,1659476380,1659476383,f5c709c,0,0,0,0,node --harmony run-tests
scrollability,1659476384,1659476385,fed4b02,0,0,0,0,node --harmony run-tests
react-tween-state,1659476385,1659476387,08f526e,0,0,0,0,echo \
fluxxor,1659476387,1659476394,d11e52a,0,0,1,0,npm run jshint && mocha --recursive
ice,1659476395,1659476399,1db2999,0,0,0,0,npm run jshint && mocha --recursive
angular-hotkeys,1659476399,1659476402,0725137,0,1,0,1,node_modules/karma/bin/karma start test/karma.conf.js
htmlbars,1659476402,1659476408,3840d5d,0,0,0,0,bin/run-tests.js
scripted,1659476409,1659476421,cd690ee,0,0,0,0,node tests/server/run-all.js
MProgress.js,1659476422,1659476431,d4649a2,0,0,0,0,node tests/server/run-all.js
fireshell,1659476431,1659476433,84ce786,0,0,0,0,node tests/server/run-all.js
meteor-ionic,1659476433,1659476436,93a2d4e,0,0,0,0,node tests/server/run-all.js
antimoderate,1659476436,1659476439,e19bfd0,0,0,0,0,node tests/server/run-all.js
ui-calendar,1659476439,1659476443,ac7a76c,0,1,0,1,grunt
ui-utils,1659476443,1659476449,0debc18,0,0,0,0,grunt
atvImg,1659476450,1659476452,9271424,0,0,0,0,echo \
jquip,1659476453,1659476460,fc70e4d,0,0,0,0,echo \
rapscallion,1659476461,1659476464,294a338,0,0,1,0,mocha spec/exec.js
volo,1659476464,1659476468,034cc15,0,0,0,0,mocha spec/exec.js
reflexbox,1659476469,1659476471,76c8f1b,0,0,0,0,ava
The-cost-of-transpiling-es2015-in-2016,1659476471,1659476474,0e28e6f,0,0,0,0,ava
redux-pack,1659476475,1659476476,7818ffd,0,0,0,0,npm run lint
react-springy-parallax,1659476476,1659476478,096e4b1,0,0,0,0,npm run lint
disc,1659476478,1659476480,7522b58,0,0,0,0,node test | tap-spec
TremulaJS,1659476480,1659476483,2c7c00f,0,0,1,0,node test | tap-spec
background-size-polyfill,1659476483,1659476485,a4225f8,0,0,0,0,node test | tap-spec
DBGlass,1659476485,1659476489,4c552a0,0,0,1,0,cross-env NODE_ENV=test mocha --compilers js:babel-register --recursive --require ./test/setup.js test/**/*.spec.js
sewise-player,1659476490,1659476501,3d4bfe4,0,0,0,0,cross-env NODE_ENV=test mocha --compilers js:babel-register --recursive --require ./test/setup.js test/**/*.spec.js
Sketch-Flex-Layout,1659476501,1659476503,cbb6a12,0,0,0,0,cross-env NODE_ENV=test mocha --compilers js:babel-register --recursive --require ./test/setup.js test/**/*.spec.js
fluxxor,1659476503,1659476512,d11e52a,0,0,1,0,npm run jshint && mocha --recursive
ice,1659476512,1659476516,1db2999,0,0,0,0,npm run jshint && mocha --recursive
angular-hotkeys,1659476516,1659476519,0725137,0,1,0,1,node_modules/karma/bin/karma start test/karma.conf.js
babel-react-optimize,1659476519,1659476520,9afce7a,0,0,1,0,eslint packages/*/test packages/*/src && mocha packages/*/test/index.js --compilers js:babel-register
freactal,1659476520,1659476523,9e03668,0,0,1,0,mocha spec
sketch-isometric,1659476523,1659476527,cb68905,0,0,0,0,mocha spec
angular-client-side-auth,1659476527,1659476530,9a6cdb8,0,0,1,1,~0.13.0
htmlbars,1659476530,1659476536,3840d5d,0,0,0,0,bin/run-tests.js
express.io,1659476537,1659476541,753530d,0,0,1,0,./node_modules/mocha/bin/mocha test/test.coffee
scripted,1659476541,1659476554,cd690ee,0,0,0,0,node tests/server/run-all.js
react-native-chart,1659476555,1659476558,2dd6a24,0,0,0,0,node tests/server/run-all.js
react-redux-jwt-auth-example,1659476558,1659476560,8e1e58f,0,0,1,1,node tests/server/run-all.js
MProgress.js,1659476561,1659476562,d4649a2,0,0,0,0,node tests/server/run-all.js
My-FreeCodeCamp-Code,1659476562,1659476566,a4e69fb,0,0,0,0,node tests/server/run-all.js
fireshell,1659476566,1659476568,84ce786,0,0,0,0,node tests/server/run-all.js
meteor-ionic,1659476568,1659476571,93a2d4e,0,0,0,0,node tests/server/run-all.js
antimoderate,1659476571,1659476574,e19bfd0,0,0,0,0,node tests/server/run-all.js
react-virgin,1659476574,1659476577,ba52cb2,0,0,0,0,node tests/server/run-all.js
carte-blanche,1659476577,1659476586,10d4100,0,0,1,0,^1.2.0
angular-leaflet-directive,1659476588,1659476608,1cfbdf4a,0,1,0,1,grunt travis --verbose
autoresponsive-react,1659476608,1659476613,bc76abf,0,0,0,0,macaca run -d ./test
vuejs2-learn,1659476613,1659476615,0000ce4,0,0,0,0,macaca run -d ./test
ui-calendar,1659476615,1659476619,ac7a76c,0,1,0,1,grunt
fixed-sticky,1659476620,1659476622,849a4a2,0,0,0,0,./node_modules/.bin/grunt test
desktop-app,1659476622,1659476669,9c02a81,0,0,0,0,./node_modules/.bin/grunt test
axon,1659476673,1659476676,e70a164,0,0,1,0,make test
vue-Meizi,1659476676,1659476678,2b936fa,0,0,0,0,make test
ui-utils,1659476679,1659476685,0debc18,0,0,0,0,make test
vue-recyclerview,1659476686,1659476690,38a7632,0,0,0,0,make test
jquery-bbq,1659476691,1659476694,8e0064b,0,0,0,0,make test
punch,1659476694,1659476699,180278c,0,1,0,0,jasmine-node spec
BootstrapFormHelpers,1659476699,1659476705,d6770e0,0,0,0,1,grunt test
grpcc,1659476705,1659476707,5dc8f6f,0,0,1,0,mocha
webpack-serve,1659476707,1659476710,edaf28c,1,0,1,0,^3.1.0
wwwbasic,1659476710,1659476712,c828361,0,0,0,0,./test/run-tests.sh
anatine,1659476712,1659476714,fef2d6f,0,0,0,0,xo
toolkit,1659476714,1659476726,f0ed36d1,1,0,0,0,^6.24.1
speakingurl,1659476727,1659476730,563da7e,0,0,1,0,test
fbgraph,1659476730,1659476733,1b68cda,0,0,0,0,test
antiscroll,1659476733,1659476734,8dc9793,0,0,0,0,test
conditionizr,1659476735,1659476737,01bfa3b,0,1,0,1,test
spy-js,1659476737,1659476738,1d7236d,0,0,0,0,test
holla,1659476738,1659476741,2eec008,0,0,0,0,test
s3-lambda,1659476741,1659476744,79e04b2,0,0,0,0,node test
treesaver,1659476744,1659476752,2d5e8ee,0,0,0,0,node test
redux-little-router,1659476753,1659476758,ba8a88a,0,0,1,0,BABEL_ENV=commonjs mocha test/.setup.js 'test/**/*.spec.js'
cortex,1659476758,1659476760,776bce0,0,1,0,0,gulp test
HTML5_Genetic_Cars,1659476760,1659476762,f3e9ce5,0,0,0,0,echo \
kerning.js,1659476762,1659476763,3836160,0,0,0,0,echo \
emblem.js,1659476764,1659476768,219d893,0,0,0,0,ember test
express-admin,1659476768,1659476772,5218700,0,0,1,0,make test
tablesorter,1659476772,1659476774,07e0918,0,0,0,0,echo \
Angular-news,1659476775,1659476777,aec41cc,0,0,0,0,gulp && node http
Vueg----page-transition-plugin,1659476777,1659476780,2696673,0,0,0,0,echo \
angularjs-gulp-browserify-boilerplate,1659476780,1659476783,5cd63d2,0,1,0,1,cross-env NODE_ENV=test ./node_modules/.bin/gulp test
chrome-devtools-autosave,1659476783,1659476784,de01a7f,0,0,0,0,cross-env NODE_ENV=test ./node_modules/.bin/gulp test
react-cursor,1659476785,1659476787,809d731,0,0,1,1,karma start
angular-requirejs-seed,1659476787,1659476789,8b3707f,0,1,0,1,node_modules/karma/bin/karma start karma.conf.js
spy-js,1659476789,1659476791,1d7236d,0,0,0,0,node_modules/karma/bin/karma start karma.conf.js
s3-lambda,1659476791,1659476794,79e04b2,0,0,0,0,node test
treesaver,1659476794,1659476802,2d5e8ee,0,0,0,0,node test
angular-foundation,1659476802,1659476806,232f0b9,0,1,0,1,node test
tablesorter,1659476807,1659476809,07e0918,0,0,0,0,echo \
Angular-news,1659476809,1659476811,aec41cc,0,0,0,0,gulp && node http
angularjs-gulp-browserify-boilerplate,1659476811,1659476816,5cd63d2,0,1,0,1,cross-env NODE_ENV=test ./node_modules/.bin/gulp test
chrome-devtools-autosave,1659476816,1659476817,de01a7f,0,0,0,0,cross-env NODE_ENV=test ./node_modules/.bin/gulp test
react-cursor,1659476818,1659476820,809d731,0,0,1,1,karma start
angular-requirejs-seed,1659476820,1659476822,8b3707f,0,1,0,1,node_modules/karma/bin/karma start karma.conf.js
elm-live,1659476822,1659476826,e317b49,0,0,0,0,node_modules/karma/bin/karma start karma.conf.js
relay-starter-kit,1659476826,1659476828,d182c5d,0,0,0,0,node_modules/karma/bin/karma start karma.conf.js
graffiti,1659476828,1659476830,6273089,0,0,1,0,NODE_ENV=test mocha --compilers js:babel-register 'src/**/*.spec.js'
grunt-devtools,1659476830,1659476834,d22425b,0,0,0,0,NODE_ENV=test mocha --compilers js:babel-register 'src/**/*.spec.js'
Custom-URL-scheme,1659476834,1659476836,881608e,0,0,0,0,NODE_ENV=test mocha --compilers js:babel-register 'src/**/*.spec.js'
android-actionbarstylegenerator,1659476836,1659476854,26cd37e,0,0,0,0,NODE_ENV=test mocha --compilers js:babel-register 'src/**/*.spec.js'
cssx,1659476858,1659476866,a729776,0,0,1,0,mocha --colors ./test/*.spec.js
LogicJS,1659476867,1659476869,a64b516,0,0,0,0,echo \
core-js,1659476869,1659476885,160168f4,0,1,0,1,jasmine && karma start
filtrex,1659476886,1659476888,685f579,0,0,0,0,jasmine && karma start
node-s3-client,1659476888,1659476890,a1c25dd,0,0,1,0,test
react-json-tree,1659476890,1659476893,10d12d8,0,0,1,0,
React-Dropzone-Component,1659476893,1659476896,78677ed,1,0,0,0,standard ./src && jest
yeoman-app,1659476896,1659476900,cfffca6,0,1,1,0,npm run lint
TraceKit,1659476900,1659476902,8f74ec6,0,1,0,1,grunt test
VisualEvent,1659476902,1659476904,d0ccb54,0,0,0,0,grunt test
angular2-authentication-sample,1659476904,1659476906,3d5f962,0,0,0,0,echo \
jOrgChart,1659476906,1659476907,89cb998,0,0,0,0,echo \
react.backbone,1659476907,1659476909,0b0276c,1,0,0,0,jest
react-router-scroll,1659476909,1659476911,83820b4,0,0,1,1,npm run lint && npm run testonly
meteorite,1659476912,1659476916,35e8d5e,0,0,1,0,mocha spec/unit spec/acceptance -t 240000 -R spec
iview-project,1659476916,1659476918,ab8b7a0,0,0,0,0,mocha spec/unit spec/acceptance -t 240000 -R spec
jquery-offline,1659476918,1659476919,e886d67,0,0,0,0,mocha spec/unit spec/acceptance -t 240000 -R spec
Clairvoyance,1659476919,1659476922,9915ab6,0,0,1,0,cross-env NODE_ENV=test NODE_PATH=front-end/app mocha tests --recursive --compilers js:babel-register
microevent.js,1659476922,1659476925,1511836,0,0,0,0,cross-env NODE_ENV=test NODE_PATH=front-end/app mocha tests --recursive --compilers js:babel-register
crdt,1659476926,1659476929,7f977f8,0,0,0,0,asynct test/*.js
nativeShare.js,1659476929,1659476931,19e7493,0,0,0,0,asynct test/*.js
pubnub-api,1659476931,1659476973,4eccc38d,0,0,0,0,asynct test/*.js
jquery-address,1659476974,1659476978,150639e,0,0,0,0,asynct test/*.js
angular-vs-repeat,1659476979,1659476982,fe3ffac,0,0,1,1,gulp travis
React-Redux-Boilerplate,1659476982,1659476984,bb55701,0,0,0,0,gulp travis
GifW00t,1659476984,1659476997,28649fc,0,0,1,0,grunt test
mach,1659476997,1659477001,4738db0,0,0,1,1,jshint . && mocha --require babel/register --reporter spec 'modules/**/__tests__/*-test.js'
voicechat,1659477002,1659477004,dba07c3,0,0,0,0,jshint . && mocha --require babel/register --reporter spec 'modules/**/__tests__/*-test.js'
sandros-sketch-plugins,1659477004,1659477006,d5255bc,0,0,0,0,jshint . && mocha --require babel/register --reporter spec 'modules/**/__tests__/*-test.js'
npm-scripts-example,1659477007,1659477008,56c25ca,0,0,1,1,karma start
catberry,1659477008,1659477016,ad973d2,0,0,1,0,make
rejected.us,1659477016,1659477022,8affae6,0,0,0,0,react-scripts test
airpaste,1659477022,1659477023,5059ef5,0,0,0,0,standard
firebase-queue,1659477024,1659477025,bd639b6,0,0,1,0,gulp test
jquery.hotkeys,1659477026,1659477027,782ddf3,0,0,0,0,gulp test
airpaste,1659477027,1659477028,5059ef5,0,0,0,0,standard
firebase-queue,1659477028,1659477030,bd639b6,0,0,1,0,gulp test
jquery.hotkeys,1659477030,1659477032,782ddf3,0,0,0,0,gulp test
WikiQuiz,1659477032,1659477033,0855737,0,0,0,0,gulp test
brisket,1659477033,1659477039,8504d6d,0,1,0,0,gulp
DejaVue,1659477039,1659477042,10dfcfe,0,0,1,1,cross-env BABEL_ENV=test karma start test/unit/karma.conf.js --single-run
ggraph,1659477042,1659477043,04ad66a,0,1,0,1,cross-env BABEL_ENV=test karma start test/unit/karma.conf.js --single-run
markdown-in-js,1659477044,1659477045,79f143f,0,0,0,0,cross-env BABEL_ENV=test karma start test/unit/karma.conf.js --single-run
tagmanager,1659477045,1659477047,b43646e,0,0,0,0,cross-env BABEL_ENV=test karma start test/unit/karma.conf.js --single-run
grumble.js,1659477047,1659477050,b5f70d9,0,0,0,0,cross-env BABEL_ENV=test karma start test/unit/karma.conf.js --single-run
marvin,1659477050,1659477053,5d68cef,1,0,0,0,react-app-rewired test
matches.js,1659477053,1659477054,9114609,0,0,1,0,mocha -u tdd
react-native-css,1659477054,1659477056,26c8461,0,0,0,0,babel-tap test/*.test.js
angular-socket-io-seed,1659477056,1659477058,76f22c6,0,0,0,0,babel-tap test/*.test.js
ThunderLixianExporter,1659477059,1659477060,d7e007e,0,0,0,0,babel-tap test/*.test.js
jquery-lifestream,1659477060,1659477083,d8ec650fd,0,0,0,0,babel-tap test/*.test.js
firebase-react-native-sample,1659477084,1659477086,43ea69d,0,0,0,0,babel-tap test/*.test.js
intro-to-react,1659477086,1659477091,71babe6,0,0,0,0,react-scripts test --env=jsdom
robokitty,1659477091,1659477094,750b9c0,0,0,0,0,lab -v test
onScreen,1659477094,1659477097,5df9c85,0,0,1,1,karma start
mcfly,1659477097,1659477099,7642c12,1,0,0,0,jest
DOMtastic,1659477100,1659477104,3c7fcb2,0,0,1,0,npm run bundle && mocha
Rumpetroll,1659477104,1659477106,ad87d2d,0,0,0,0,npm run bundle && mocha
tab-snooze,1659477106,1659477108,a064229,0,0,0,0,npm run bundle && mocha
torii,1659477108,1659477114,8abbfe9,0,0,0,0,ember try:each
vue-vueRouter-webpack,1659477114,1659477115,d99fcff,0,0,0,0,ember try:each
opsweekly,1659477116,1659477119,feee282,0,0,0,0,ember try:each
aight,1659477119,1659477121,8e92a3b,0,0,0,0,watchy -w *.js,test -- npm run test:local
SimpLESS,1659477121,1659477123,5dd3675,0,0,0,0,watchy -w *.js,test -- npm run test:local
postcss-write-svg,1659477124,1659477125,6f04693,0,0,0,0,npm run lint && postcss-tape
jquery.hotkeys,1659477125,1659477126,782ddf3,0,0,0,0,npm run lint && postcss-tape
WikiQuiz,1659477127,1659477128,0855737,0,0,0,0,npm run lint && postcss-tape
brisket,1659477128,1659477133,8504d6d,0,1,0,0,gulp
DejaVue,1659477134,1659477136,10dfcfe,0,0,1,1,cross-env BABEL_ENV=test karma start test/unit/karma.conf.js --single-run
ggraph,1659477137,1659477138,04ad66a,0,1,0,1,cross-env BABEL_ENV=test karma start test/unit/karma.conf.js --single-run
markdown-in-js,1659477138,1659477140,79f143f,0,0,0,0,cross-env BABEL_ENV=test karma start test/unit/karma.conf.js --single-run
tagmanager,1659477140,1659477142,b43646e,0,0,0,0,cross-env BABEL_ENV=test karma start test/unit/karma.conf.js --single-run
GaGaMall,1659477142,1659477150,b1cf036,0,0,0,0,cross-env BABEL_ENV=test karma start test/unit/karma.conf.js --single-run
redux-optimist,1659477151,1659477155,314660c,0,0,0,0,babel-node test/index.js
grumble.js,1659477155,1659477158,b5f70d9,0,0,0,0,babel-node test/index.js
marvin,1659477158,1659477160,5d68cef,1,0,0,0,react-app-rewired test
matches.js,1659477160,1659477162,9114609,0,0,1,0,mocha -u tdd
react-native-css,1659477162,1659477164,26c8461,0,0,0,0,babel-tap test/*.test.js
angular-socket-io-seed,1659477164,1659477166,76f22c6,0,0,0,0,babel-tap test/*.test.js
ThunderLixianExporter,1659477166,1659477168,d7e007e,0,0,0,0,babel-tap test/*.test.js
jquery-lifestream,1659477168,1659477195,d8ec650fd,0,0,0,0,babel-tap test/*.test.js
firebase-react-native-sample,1659477196,1659477197,43ea69d,0,0,0,0,babel-tap test/*.test.js
intro-to-react,1659477198,1659477202,71babe6,0,0,0,0,react-scripts test --env=jsdom
robokitty,1659477203,1659477205,750b9c0,0,0,0,0,lab -v test
onScreen,1659477206,1659477208,5df9c85,0,0,1,1,karma start
mcfly,1659477208,1659477210,7642c12,1,0,0,0,jest
DOMtastic,1659477210,1659477215,3c7fcb2,0,0,1,0,npm run bundle && mocha
Rumpetroll,1659477215,1659477217,ad87d2d,0,0,0,0,npm run bundle && mocha
tab-snooze,1659477217,1659477219,a064229,0,0,0,0,npm run bundle && mocha
torii,1659477219,1659477224,8abbfe9,0,0,0,0,ember try:each
vue-vueRouter-webpack,1659477225,1659477226,d99fcff,0,0,0,0,ember try:each
opsweekly,1659477227,1659477229,feee282,0,0,0,0,ember try:each
SimpLESS,1659477230,1659477232,5dd3675,0,0,0,0,ember try:each
aight,1659477232,1659477234,8e92a3b,0,0,0,0,watchy -w *.js,test -- npm run test:local
postcss-write-svg,1659477234,1659477235,6f04693,0,0,0,0,npm run lint && postcss-tape
DejaVue,1659477236,1659477238,10dfcfe,0,0,1,1,cross-env BABEL_ENV=test karma start test/unit/karma.conf.js --single-run
ggraph,1659477238,1659477240,04ad66a,0,1,0,1,cross-env BABEL_ENV=test karma start test/unit/karma.conf.js --single-run
markdown-in-js,1659477240,1659477242,79f143f,0,0,0,0,cross-env BABEL_ENV=test karma start test/unit/karma.conf.js --single-run
frenchkiss.js,1659477242,1659477243,5b067b0,0,0,1,0,mocha --require @babel/register --recursive test
tagmanager,1659477244,1659477246,b43646e,0,0,0,0,mocha --require @babel/register --recursive test
grumble.js,1659477246,1659477248,b5f70d9,0,0,0,0,mocha --require @babel/register --recursive test
marvin,1659477249,1659477252,5d68cef,1,0,0,0,react-app-rewired test
matches.js,1659477252,1659477254,9114609,0,0,1,0,mocha -u tdd
react-native-css,1659477254,1659477255,26c8461,0,0,0,0,babel-tap test/*.test.js
1-liners,1659477256,1659477260,d8f6443,0,0,1,0,npm run coverage
angular-socket-io-seed,1659477260,1659477264,76f22c6,0,0,0,0,npm run coverage
github-webhook-handler,1659477264,1659477265,f96bc0d,0,0,0,0,npm run lint && node test.js
ThunderLixianExporter,1659477266,1659477267,d7e007e,0,0,0,0,npm run lint && node test.js
jquery-lifestream,1659477267,1659477292,d8ec650fd,0,0,0,0,npm run lint && node test.js
firebase-react-native-sample,1659477292,1659477294,43ea69d,0,0,0,0,npm run lint && node test.js
intro-to-react,1659477294,1659477299,71babe6,0,0,0,0,react-scripts test --env=jsdom
robokitty,1659477299,1659477302,750b9c0,0,0,0,0,lab -v test
onScreen,1659477302,1659477304,5df9c85,0,0,1,1,karma start
mcfly,1659477304,1659477306,7642c12,1,0,0,0,jest
DOMtastic,1659477306,1659477311,3c7fcb2,0,0,1,0,npm run bundle && mocha
Rumpetroll,1659477311,1659477313,ad87d2d,0,0,0,0,npm run bundle && mocha
tab-snooze,1659477313,1659477315,a064229,0,0,0,0,npm run bundle && mocha
torii,1659477315,1659477320,8abbfe9,0,0,0,0,ember try:each
found,1659477320,1659477332,83843aa,1,0,0,0,npm run lint && npm run test:ts && npm run testonly -- --coverage
vue-vueRouter-webpack,1659477332,1659477333,d99fcff,0,0,0,0,npm run lint && npm run test:ts && npm run testonly -- --coverage
opsweekly,1659477334,1659477336,feee282,0,0,0,0,npm run lint && npm run test:ts && npm run testonly -- --coverage
SimpLESS,1659477337,1659477339,5dd3675,0,0,0,0,npm run lint && npm run test:ts && npm run testonly -- --coverage
aight,1659477339,1659477341,8e92a3b,0,0,0,0,watchy -w *.js,test -- npm run test:local
postcss-write-svg,1659477341,1659477342,6f04693,0,0,0,0,npm run lint && postcss-tape
nodepad,1659477342,1659477344,68357e7,0,0,1,0,npm run lint && postcss-tape
yql-tables,1659477344,1659477357,c5f332c,0,0,0,0,npm run lint && postcss-tape
fab,1659477359,1659477360,835e06f,0,0,0,0,npm run lint && postcss-tape
facebook-node-sdk,1659477360,1659477363,1fabbb0,0,0,1,0,node ./node_modules/mocha/bin/mocha --recursive --reporter spec
d3.chart,1659477363,1659477366,a7dca26,0,0,1,0,grunt test
browser-repl,1659477366,1659477368,448cf4c,0,0,0,0,grunt test
bonsai,1659477368,1659477378,fd5de86,1,0,0,0,react-scripts test --testPathPattern='src/(?!integration)'
wiselinks,1659477378,1659477383,19b88b1,0,0,0,0,react-scripts test --testPathPattern='src/(?!integration)'
colaboratory,1659477383,1659477386,23c6e04,0,0,0,0,react-scripts test --testPathPattern='src/(?!integration)'
ie8linter,1659477386,1659477389,9a8c20f,0,0,0,0,echo \
rwb,1659477389,1659477391,ec8ee7b,0,0,0,0,echo \
smtp-server,1659477391,1659477393,96c0bee,0,0,1,0,0.13.3
iview-cli,1659477393,1659477404,fecd012,0,0,0,0,0.13.3
replace,1659477404,1659477406,04c99bd,0,0,0,0,tap test
spider,1659477406,1659477407,e8985da,0,0,0,0,tap test
queryloader2,1659477407,1659477410,353a3cb,0,0,1,0,node ./node_modules/jscs/bin/jscs src && node ./node_modules/gulp/bin/gulp.js browserify  && node ./node_modules/gulp/bin/gulp.js browserify-tests && node ./node_modules/mocha-phantomjs/bin/mocha-phantomjs test/browser/index.html
shots,1659477410,1659477416,121c102,0,0,0,0,node ./node_modules/jscs/bin/jscs src && node ./node_modules/gulp/bin/gulp.js browserify  && node ./node_modules/gulp/bin/gulp.js browserify-tests && node ./node_modules/mocha-phantomjs/bin/mocha-phantomjs test/browser/index.html
table-dragger,1659477416,1659477418,1dcbed9,1,1,0,0,jest --watch
tuneup_js,1659477418,1659477420,456fede,0,0,0,0,jest --watch
machine_learning,1659477420,1659477422,ae05b3e,0,0,0,0,jest --watch
generator-nm,1659477422,1659477425,f531a25,0,0,0,0,^2.0.0
feather-app,1659477425,1659477426,b4a0191,0,0,0,0,^2.0.0
dawson-cli,1659477426,1659477430,e93dd6e,1,0,0,0,npm run lint && nyc ava src/**/*.spec.js
webpack-bin,1659477430,1659477436,97c9dfe,0,0,0,0,npm run lint && nyc ava src/**/*.spec.js
mdx-util,1659477436,1659477439,bf1e887,0,0,0,0,lerna run --parallel test
qwest,1659477440,1659477443,9cf12bb,0,0,0,0,lerna run --parallel test
dext,1659477443,1659477458,50713d8,1,0,0,0,jest --coverage --verbose
loud-links,1659477458,1659477460,7b4b710,0,0,0,0,jest --coverage --verbose
grunt-angular-templates,1659477460,1659477463,f590764,0,0,0,0,./node_modules/.bin/grunt
sagui,1659477463,1659477471,08f70b0,0,1,1,1,npm run test:lint && npm run test:unit && npm run test:integration
scrolldir,1659477471,1659477474,fe6a0e5,0,0,0,0,npm run test:acceptance && npm run test:es-check
router,1659477474,1659477484,f642b4c,0,1,0,1,npm run test:acceptance && npm run test:es-check
IronJS,1659477485,1659477637,92e28851,0,0,0,0,npm run test:acceptance && npm run test:es-check
jupyter-nodejs,1659477650,1659477651,1388e19,0,0,0,0,echo \
jPages,1659477651,1659477654,b6a51c9,0,0,0,0,echo \
dialogflow-nodejs-client,1659477655,1659477657,1abd5f1,0,0,0,0,echo \
elasticsearch-paramedic,1659477658,1659477659,0c8df16,0,0,0,0,echo \
tmodjs,1659477659,1659477662,ec6c6e0,0,0,0,0,tmod ./test/tpl
moreartyjs,1659477663,1659477666,297dfd7,0,0,1,0,mocha -b -R spec test/*
through,1659477666,1659477668,2c5a6f9,0,0,0,0,set -e; for t in test/*.js; do node $t; done
IDBWrapper,1659477668,1659477671,f7e23b1,0,0,1,1,set -e; for t in test/*.js; do node $t; done
cssbeautify,1659477671,1659477673,4a1f5d8,0,0,0,0,node test/runner.js
jquery.complexify.js,1659477673,1659477674,002bd59,0,0,0,0,node test/runner.js
vue-spa-template,1659477674,1659477676,1eabfbb,0,0,1,1,npm run unit && npm run e2e
audiolib.js,1659477676,1659477679,12664f8,0,0,0,0,npm run unit && npm run e2e
react-starterify,1659477679,1659477682,8fb0eb2,0,0,0,0,ava --tap | tap-nyan
insignia,1659477682,1659477683,5367b55,0,0,0,0,ava --tap | tap-nyan
JVFloat.js,1659477683,1659477685,e8569fb,0,0,0,0,ava --tap | tap-nyan
JavaScriptTraining,1659477685,1659477687,0745140,0,0,0,0,ava --tap | tap-nyan
multithread.js,1659477687,1659477690,7afd43b,0,0,0,0,ava --tap | tap-nyan
angular-localForage,1659477690,1659477692,00b3116,0,1,0,1,karma start ./karma.conf.js --browsers=\
ng-stats,1659477692,1659477695,496593c,0,0,1,1,COVERAGE=true NODE_ENV=test karma start
github-widget,1659477695,1659477696,57ac715,0,0,0,0,echo \
trolol,1659477696,1659477698,256c328,0,0,0,0,echo \
webpack-simple-starter,1659477698,1659477700,764ebea,0,0,0,0,echo \
elastic.js,1659477700,1659477704,b29b7d2,0,0,0,0,grunt nodeunit
angular-google-analytics,1659477705,1659477707,ee5c494,0,1,0,1,karma start test/karma.conf.js --single-run --browsers Chrome
react-bluekit,1659477707,1659477710,6f56991,0,0,1,0,mocha --compilers js:babel/register --recursive
data,1659477711,1659477715,35624a2,0,0,1,0,mocha -R spec tests/run.js
nodejs-starter,1659477715,1659477717,ae5c9d5,0,0,0,0,mocha -R spec tests/run.js
norch,1659477717,1659477721,a800566,0,0,0,0,rm -rf test/sandbox && mkdir test/sandbox && date && tape test/*test.js && npm run test-cli && npm run test-browser && standard --fix
A-Tale-Of-Three-Lists,1659477721,1659477725,9853898,0,0,0,0,rm -rf test/sandbox && mkdir test/sandbox && date && tape test/*test.js && npm run test-cli && npm run test-browser && standard --fix
mobifyjs,1659477726,1659477739,4a4ff8a,0,0,0,0,rm -rf test/sandbox && mkdir test/sandbox && date && tape test/*test.js && npm run test-cli && npm run test-browser && standard --fix
baucis,1659477739,1659477743,1153cf0,0,0,1,0,./node_modules/.bin/mocha --bail
velocity,1659477743,1659477747,0169f31,0,0,0,0,./node_modules/.bin/mocha --bail
rrtr,1659477747,1659477754,a8c86d0,0,0,1,1,npm run lint && npm run test-node && npm run test-browser
mass-Framework,1659477755,1659477770,a0b0ee7,0,0,0,0,npm run lint && npm run test-node && npm run test-browser
js2js,1659477771,1659477773,e9c18f3,0,0,0,0,npm run lint && npm run test-node && npm run test-browser
redux-async-connect,1659477773,1659477775,7d273f0,0,0,1,1,npm run lint && karma start
ionic-datepicker,1659477775,1659477777,bc9d8e4,0,0,0,0,npm run lint && karma start
lightningjs,1659477777,1659477780,b7edc73,0,0,0,0,npm run lint && karma start
jInvertScroll,1659477780,1659477782,3a15c2d,0,0,0,0,npm run lint && karma start
ep,1659477782,1659477784,1100d93,0,0,0,0,make test
react-notification,1659477785,1659477787,dfd79ac,0,0,1,0,node_modules/.bin/mocha --compilers js:babel-core/register --reporter spec --recursive --timeout 5000 test/setup.js test/**/*.js
isparta,1659477787,1659477789,af82484,0,0,1,1,mocha
react-contextual,1659477789,1659477792,2f4bec2,1,0,0,0,jest
holla,1659477792,1659477795,18f1018,0,0,1,0,jest
map-chat,1659477795,1659477797,fd78c08,0,0,0,0,jest
react-immutable-proptypes,1659477797,1659477799,b2c415d,0,0,1,0,./scripts/test
react-native-dva-starter,1659477799,1659477801,062852d,1,0,0,0,jest
iron-cli,1659477802,1659477806,533cc8b,0,0,1,0,./node_modules/.bin/mocha test/integration
ngDraggable,1659477807,1659477809,d55490c,0,0,0,0,echo \
react-decoration,1659477809,1659477811,096120f,0,0,1,0,cross-env BABEL_ENV=commonjs nyc --require babel-register --require ./test/setup.js mocha --recursive
reading-time,1659477812,1659477813,81742b2,0,0,0,0,cross-env BABEL_ENV=commonjs nyc --require babel-register --require ./test/setup.js mocha --recursive
angularytics,1659477813,1659477815,b454b96,0,0,0,1,grunt test --verbose
foodme,1659477815,1659477820,8e15f0c,0,0,0,0,echo \
scrollerjs,1659477820,1659477823,41a2ad3,0,0,0,0,echo \
swank-js,1659477823,1659477825,8f90196,0,0,0,0,echo \
pivotal-ui,1659477825,1659477858,65f68b4d,1,1,0,0,jest
mogo-chat,1659477859,1659477864,108c611,0,0,0,0,jest
lie,1659477864,1659477866,eaf9fd8,0,0,1,0,npm run jshint && mocha -R nyan ./test/cover.js && tsc --noEmit ./test/types.ts
ajax,1659477866,1659477869,a900e04,0,0,1,1,test
wechat-weapp-gank,1659477869,1659477872,08dcdfd,0,0,0,0,test
micro-analytics-cli,1659477872,1659477875,65a2f30,1,0,0,0,jest
postcss-flexbugs-fixes,1659477875,1659477877,683560e,0,0,1,0,gulp
dsjslib,1659477877,1659477879,a7ea470,0,0,0,0,echo \
prevent-smoosh,1659477879,1659477881,233c889,0,0,0,0,tape test.js
asteroid,1659477882,1659477884,7192311,0,0,1,0,env NODE_ENV=test env NODE_PATH=src _mocha --compilers js:babel-core/register --recursive test/e2e
react-komposer,1659477884,1659477887,03f45f1,0,0,1,0,npm run lint && npm run testonly
ircanywhere,1659477887,1659477892,c9239f8,0,0,1,0,gulp test
css-sprite,1659477892,1659477894,e1a1606,0,0,1,0,mocha --reporter spec
noodle,1659477894,1659477898,13014bb,0,0,1,0,echo \
jq-idealforms,1659477898,1659477900,36d1e47,0,0,0,0,echo \
lab,1659477900,1659477909,0542146,0,0,0,0,node ./bin/_lab -f -L -t 100 -m 10000 --types-test test/index.ts
HiChat,1659477910,1659477912,c7f9300,0,0,0,0,node ./bin/_lab -f -L -t 100 -m 10000 --types-test test/index.ts
yql-tables,1659477912,1659477925,c5f332c,0,0,0,0,node ./bin/_lab -f -L -t 100 -m 10000 --types-test test/index.ts
fab,1659477927,1659477929,835e06f,0,0,0,0,node ./bin/_lab -f -L -t 100 -m 10000 --types-test test/index.ts
REM-unit-polyfill,1659477929,1659477930,dba6344,0,0,1,1,node ./bin/_lab -f -L -t 100 -m 10000 --types-test test/index.ts
facebook-node-sdk,1659477930,1659477933,1fabbb0,0,0,1,0,node ./node_modules/mocha/bin/mocha --recursive --reporter spec
d3.chart,1659477933,1659477935,a7dca26,0,0,1,0,grunt test
browser-repl,1659477936,1659477937,448cf4c,0,0,0,0,grunt test
bonsai,1659477937,1659477948,fd5de86,1,0,0,0,react-scripts test --testPathPattern='src/(?!integration)'
wiselinks,1659477948,1659477953,19b88b1,0,0,0,0,react-scripts test --testPathPattern='src/(?!integration)'
colaboratory,1659477953,1659477957,23c6e04,0,0,0,0,react-scripts test --testPathPattern='src/(?!integration)'
ie8linter,1659477957,1659477960,9a8c20f,0,0,0,0,echo \
react-router-firebase-auth,1659477961,1659477963,c999cd9,0,0,0,0,react-scripts test --env=jsdom
iview-cli,1659477963,1659477974,fecd012,0,0,0,0,react-scripts test --env=jsdom
replace,1659477974,1659477976,04c99bd,0,0,0,0,tap test
spider,1659477976,1659477977,e8985da,0,0,0,0,tap test
jRespond,1659477977,1659477979,2e5112f,0,0,0,0,tap test
wxpage,1659477979,1659477981,630c644,0,0,1,0,npx mocha test/index
matador,1659477981,1659477985,328eeef,0,0,0,0,node_modules/nodeunit/bin/nodeunit tests/functional/ tests/unit/ && ./runIntegrationTests.sh
generator-jekyllrb,1659477985,1659477988,4d49c07,0,0,1,0,mocha
purser,1659477988,1659477991,abafe88,0,0,0,0,echo \
angular-express-blog,1659477991,1659477993,596f077,0,0,0,0,echo \
tvshow-tracker,1659477993,1659477996,083614d,0,1,0,1,karma start public/test/karma.conf.js
screenlog.js,1659477996,1659477997,72678fa,0,0,0,0,echo \
ui-select2,1659477997,1659478001,afa6589,0,0,0,1,echo \
Easy-Responsive-Tabs-to-Accordion,1659478001,1659478003,a95088a,0,0,0,0,echo \
beame-insta-ssl,1659478003,1659478005,a879a48,0,0,0,0,echo \
progression.js,1659478005,1659478008,b769014,0,0,0,0,echo \
aso,1659478008,1659478010,9a1a89b,0,0,0,0,echo \
jquery-template,1659478010,1659478012,0164215,0,0,0,0,echo \
vminpoly,1659478012,1659478013,d4c3467,0,0,0,0,echo \
bilby.js,1659478013,1659478015,c83fabd,0,0,0,0,grunt rig jshint nodeunit uglify emu
chrome-react-perf,1659478015,1659478018,fd673b2,0,1,0,0,jasmine
Docbase,1659478018,1659478022,bad77dd,0,1,0,0,grunt
react-tdd-guide,1659478022,1659478024,0f36f2f,1,0,0,0,npm run lint && jest
chronoline.js,1659478024,1659478026,c28e243,0,0,0,0,echo \
forever-service,1659478026,1659478028,5be2f60,0,0,1,0,mocha test/*.js
bootstrap-stylus,1659478028,1659478030,8f7ab1f,0,0,0,0,mocha test/*.js
dialogflow-fulfillment-nodejs,1659478031,1659478033,86a844a,0,0,0,0,npm run lint && ava
JS-total,1659478033,1659478036,6b51caf,0,0,0,0,echo \
threadAndPackage,1659478036,1659478042,78bde22,0,0,0,0,echo \
react-look,1659478042,1659478048,bcc0165,0,0,1,0,istanbul cover _mocha -- packages/react-look-core/test packages/react-look/test packages/react-look-native/test packages/react-look-test-utils/test --opts test/mocha.opts
ambidex,1659478048,1659478050,795ccd8,0,0,0,0,istanbul cover _mocha -- packages/react-look-core/test packages/react-look/test packages/react-look-native/test packages/react-look-test-utils/test --opts test/mocha.opts
sausage,1659478050,1659478052,846d435,0,0,0,0,istanbul cover _mocha -- packages/react-look-core/test packages/react-look/test packages/react-look-native/test packages/react-look-test-utils/test --opts test/mocha.opts
emittery,1659478052,1659478054,bf84337,0,0,0,0,xo && nyc ava && tsd
vue-progressbar,1659478054,1659478056,a803468,0,0,0,0,xo && nyc ava && tsd
gdrive-copy,1659478056,1659478060,775fbd4,0,0,1,0,mocha test/formatting/prettier.test.js --compilers js:babel-core/register
volo,1659478060,1659478065,034cc15,0,0,0,0,mocha test/formatting/prettier.test.js --compilers js:babel-core/register
cross-fetch,1659478065,1659478069,24dedb4,0,0,1,0,mocha test/formatting/prettier.test.js --compilers js:babel-core/register
ytdl-webserver,1659478070,1659478072,f373fc3,0,0,0,0,echo \
animatic,1659478072,1659478075,e749983,0,0,0,0,echo \
Responsive-Images,1659478075,1659478076,25ffc17,0,0,0,0,echo \
react-materialize,1659478076,1659478091,ac5c6f0,1,0,0,0,npm run lint
webpack-stream,1659478091,1659478095,35b771e,0,0,0,0,semistandard && node test/test.js
ua-device,1659478095,1659478097,04c62bb,0,0,1,0,mocha test/index.js
Learn-Redux-Starter-Files,1659478097,1659478100,38d3729,0,0,0,0,mocha test/index.js
fe-hunter,1659478100,1659478103,4146bc8,0,0,0,0,mocha test/index.js
node-practice,1659478103,1659478105,c39c47d,0,0,0,0,echo \
webvr-polyfill,1659478106,1659478113,c085444,0,0,1,0,mocha -r test/init.js --compilers js:babel-core/register test/*.test.js
lazy-load-xt,1659478113,1659478116,f8a5b7d,0,0,0,0,grunt qunit
RainEffect,1659478116,1659478119,5270be6,0,0,0,0,echo \
reflexbox,1659478119,1659478121,76c8f1b,0,0,0,0,ava
react-d3-library,1659478121,1659478124,6014be8,0,0,0,0,echo \
The-cost-of-transpiling-es2015-in-2016,1659478124,1659478127,0e28e6f,0,0,0,0,echo \
checkbox,1659478127,1659478131,a97a269,0,0,0,0,echo \
stomp-websocket,1659478131,1659478134,3b60a70,0,1,0,0,test
redux-pack,1659478134,1659478135,7818ffd,0,0,0,0,npm run lint
isomorphic-tutorial,1659478136,1659478137,41eb69c,0,0,0,0,echo \
react-masonry-component,1659478137,1659478139,133552b,0,0,1,1,npm run lint && karma start spec/setup/karma.conf.js
workerpool,1659478139,1659478143,d12a5b6,0,0,1,0,npm run build && mocha test --timeout 2000
react-springy-parallax,1659478143,1659478145,096e4b1,0,0,0,0,npm run build && mocha test --timeout 2000
SpringBootCodeGenerator,1659482847,1659482854,781a7ff,0,0,0,0,
disc,1659482854,1659482857,7522b58,0,0,0,0,node test | tap-spec
serverless-dynamodb-local,1659482857,1659482860,0d44cc7,0,0,1,0,mocha ./test
youkuhtml5playerbookmark,1659482860,1659482863,d4b7ea9,0,0,0,0,mocha ./test
Responsive-Measure,1659482863,1659482866,2a15f9e,0,0,0,0,mocha ./test
ProgressiveWordPress,1659482866,1659482878,84feb91,0,0,0,0,mocha ./test
funcunit,1659482879,1659482899,9942a8b,0,1,1,0,npm run lint && npm run testee
db,1659482900,1659482903,b935486,0,0,0,0,echo \
JAIL,1659482903,1659482906,dbe6811,0,1,0,0,grunt travis
show-me-the-react,1659482906,1659482910,06dfa8f,0,0,0,0,grunt travis
react-native-store,1659482911,1659482913,ef5d168,1,0,0,0,jest --verbose
load.js,1659482913,1659482918,3acd55a,0,0,0,0,jest --verbose
serve,1659482919,1659482920,f5d73e9,0,0,0,0,jest --verbose
jquery-audit,1659482921,1659482924,e12f4c9,0,0,0,0,jest --verbose
fibre,1659482924,1659482950,4d9d21e,0,0,0,0,jest --verbose
multiselect,1659482951,1659482954,71eda5f,0,0,0,0,jest --verbose
streakjs-weapp,1659482954,1659482962,21b32c9,0,0,0,0,jest --verbose
TorrenTV,1659482962,1659482964,0804fa8,0,0,0,0,echo \
laravel-bootstrap,1659482964,1659482968,053c757,0,0,0,0,echo \
Webplate,1659482968,1659482981,67beea7,0,0,0,0,echo \
async-props,1659482982,1659482984,f5d98dc,0,0,1,1,npm run lint && karma start
gulp-eslint,1659482984,1659482988,5dd78fa,0,0,1,0,mocha
swampdragon,1659482988,1659482992,ef8dedd,0,0,0,0,mocha
react-gateway,1659482993,1659482995,862198f,0,0,1,1,karma start
hippie,1659482995,1659482997,53012ae,0,0,0,0,jshint .
concat-stream,1659482997,1659482999,ceaa101,0,0,0,0,tape test/*.js test/server/*.js
jquerymx,1659482999,1659483008,0f917a8,0,0,0,0,tape test/*.js test/server/*.js
readremaining.js,1659483009,1659483011,04964c0,0,0,0,0,tape test/*.js test/server/*.js
slackbox,1659483011,1659483013,ccb389a,0,0,0,0,echo \
classeur,1659483013,1659483019,f274a6a,0,0,0,0,gulp default lint-all
react-native-Gank,1659483020,1659483033,8beb21a,1,0,0,0,jest
react-native-android-lession,1659483036,1659483043,e685dab,0,0,0,0,jest
camo,1659483043,1659483046,068eb47,0,0,1,0,mocha
react-themeable,1659483046,1659483049,0f15ce5,0,0,1,0,babel-istanbul cover _mocha -- --compilers js:babel/register && babel-istanbul check-coverage --branches 100
react-fiber-implement,1659483050,1659483051,02970be,0,0,0,0,echo \
etch,1659483052,1659483055,13f1643,0,0,1,0,npm run standard && npm run mocha
genie,1659483055,1659483059,05b43ee,0,0,0,0,kcd-scripts test
r2d3,1659483059,1659483063,bc4fe57,0,0,0,0,kcd-scripts test
csssr-project-template,1659483063,1659483067,abdc19b,0,0,0,0,kcd-scripts test
mail,1659483067,1659483081,c102b61,0,0,1,0,grunt && grunt test
jquery-fracs,1659483081,1659483085,dbf8e50,0,0,0,0,grunt && grunt test
node-dns,1659483085,1659483088,1f1528f,0,0,0,0,nodeunit test
baudio,1659483088,1659483090,f7b2c9a,0,0,0,0,nodeunit test
DecorateThis,1659483090,1659483092,f4ca8b6,0,0,1,0,gulp test
react-reformed,1659483092,1659483094,ee9c2ee,0,0,0,0,echo \
scroll-behavior,1659483094,1659483100,d8b7576,0,0,1,1,npm run lint && npm run test:ts && npm run testonly
agility,1659483100,1659483105,6ac44a8,0,0,0,0,npm run lint && npm run test:ts && npm run testonly
hypher,1659483105,1659483108,3ff0220,0,0,0,0,vows
simulacra,1659483108,1659483113,60e893c,0,0,0,0,npm run lint && npm run test:render && npm run test:browser
react-truncate,1659483113,1659483116,ef5812f,0,0,1,0,cross-env BABEL_ENV=test mocha --require babel-polyfill --require babel-core/register
ng2-play,1659483116,1659483118,0a45a8b,0,0,0,0,cross-env BABEL_ENV=test mocha --require babel-polyfill --require babel-core/register
GithubPulse,1659483118,1659483126,05da02a,0,0,0,0,echo \
vue-tap,1659483127,1659483129,7c69bd2,0,0,0,0,echo \
headstart,1659483129,1659483132,aac2e7d,0,0,0,0,echo \
generator-webapp_DEPRECATED,1659483132,1659483137,bc7e0b8,0,1,1,0,mocha --reporter spec --timeout 3000
SVGInjector,1659483137,1659483140,bd355be,0,0,0,0,jshint svg-injector.js
ekill,1659483141,1659483144,fa1c474,0,0,0,0,jshint svg-injector.js
synth,1659483144,1659483147,72c77eb,0,0,1,0,make test
VisualEvent,1659483147,1659483149,d0ccb54,0,0,0,0,make test
QuanX,1659483149,1659483155,b6afaad,0,0,0,0,make test
angular2-authentication-sample,1659483155,1659483157,3d5f962,0,0,0,0,echo \
printThis,1659483157,1659483164,23be1f8,0,0,0,0,echo \
33-js-conceptos,1659483164,1659483167,896f990,0,0,0,0,echo \
jOrgChart,1659483168,1659483169,89cb998,0,0,0,0,echo \
electron-chrome,1659483169,1659483173,81122fc,0,0,0,0,echo \
texture,1659483174,1659483201,96527764,0,0,0,0,npm run test-nodejs
zuul,1659483202,1659483207,f95e623,0,0,1,0,DEBUG=zuul* mocha --ui qunit --timeout 0 --bail -- test/index.js
jolteon,1659483207,1659483210,f9a6d8c,0,0,0,0,DEBUG=zuul* mocha --ui qunit --timeout 0 --bail -- test/index.js
gulp-app,1659483211,1659483214,54497c1,0,0,0,0,DEBUG=zuul* mocha --ui qunit --timeout 0 --bail -- test/index.js
architect,1659483214,1659483216,aee3404,0,0,0,0,DEBUG=zuul* mocha --ui qunit --timeout 0 --bail -- test/index.js
sites,1659483216,1659483240,e502e19,0,0,0,0,DEBUG=zuul* mocha --ui qunit --timeout 0 --bail -- test/index.js
enzyme-to-json,1659483241,1659483245,7d90cdf,1,0,0,0,yarn lint && yarn test-core
gulp-uncss,1659483245,1659483248,e952183,0,0,0,0,tape test.js | tap-spec
lightning,1659483248,1659483257,d4d2d5f,0,0,1,0,mocha --timeout 200000
grunt-newer,1659483258,1659483261,54484d3,0,0,1,0,grunt test
jQuery-ajaxTransport-XDomainRequest,1659483261,1659483263,47de50f,0,0,0,0,grunt test
marksheet,1659483263,1659483268,ac00cd1,0,0,0,0,grunt test
wipeClean,1659483269,1659483271,3dd02f7,0,0,0,0,grunt test
gitwms,1659483271,1659483340,72e3c11,0,0,0,0,grunt test
substance-legacy,1659483350,1659483362,003604ad,0,0,0,1,gulp build-test && gulp test
unirest-nodejs,1659483363,1659483365,a06ba4e,0,0,1,0,make test
imgix.js,1659483366,1659483372,215a55e,0,1,0,0,npm run build && ./node_modules/jasmine/bin/jasmine.js & npm run cy:runOnly
frame.js,1659483372,1659483378,9a40ded,0,0,0,0,npm run build && ./node_modules/jasmine/bin/jasmine.js & npm run cy:runOnly
venn.js,1659483379,1659483381,5ff0ef3,0,0,0,0,jshint src/*.js && tape 'tests/**/*test.js'
funcunit,1659483382,1659483393,9942a8b,0,1,1,0,npm run lint && npm run testee
db,1659483394,1659483398,b935486,0,0,0,0,echo \
JAIL,1659483398,1659483405,dbe6811,0,1,0,0,grunt travis
show-me-the-react,1659483405,1659483409,06dfa8f,0,0,0,0,grunt travis
react-native-store,1659483410,1659483411,ef5d168,1,0,0,0,jest --verbose
load.js,1659483411,1659483415,3acd55a,0,0,0,0,jest --verbose
jquery-audit,1659483416,1659483420,e12f4c9,0,0,0,0,jest --verbose
fibre,1659483420,1659483450,4d9d21e,0,0,0,0,jest --verbose
multiselect,1659483451,1659483453,71eda5f,0,0,0,0,jest --verbose
streakjs-weapp,1659483453,1659483457,21b32c9,0,0,0,0,jest --verbose
facepaint,1659483457,1659483459,a0166db,1,0,0,0,jest --coverage --no-cache --ci --runInBand
TorrenTV,1659483459,1659483461,0804fa8,0,0,0,0,echo \
laravel-bootstrap,1659483461,1659483464,053c757,0,0,0,0,echo \
run.rb,1659483466,1659483470,d0f5cf9,1,0,0,0,node scripts/test.js
material-design-color-palette,1659483470,1659483475,1e47d7c,0,0,0,0,node scripts/test.js
react-mobx-react-router4-boilerplate,1659483475,1659483477,d0fbe0b,0,0,0,0,echo \
Webplate,1659483477,1659483493,67beea7,0,0,0,0,echo \
async-props,1659483495,1659483498,f5d98dc,0,0,1,1,npm run lint && karma start
gulp-eslint,1659483498,1659483501,5dd78fa,0,0,1,0,mocha
react-gateway,1659483501,1659483502,862198f,0,0,1,1,karma start
hippie,1659483503,1659483505,53012ae,0,0,0,0,jshint .
concat-stream,1659483505,1659483507,ceaa101,0,0,0,0,tape test/*.js test/server/*.js
jquerymx,1659483507,1659483514,0f917a8,0,0,0,0,tape test/*.js test/server/*.js
craftbeerpi,1659483515,1659483533,4474593,0,0,0,0,tape test/*.js test/server/*.js
readremaining.js,1659483534,1659483536,04964c0,0,0,0,0,tape test/*.js test/server/*.js
slackbox,1659483537,1659483538,ccb389a,0,0,0,0,echo \
classeur,1659483539,1659483546,f274a6a,0,0,0,0,gulp default lint-all
style-resources-module,1659483546,1659483550,45ef8de,1,0,0,0,yarn lint && jest
ui-select2,1659483550,1659483555,afa6589,0,0,0,1,yarn lint && jest
Easy-Responsive-Tabs-to-Accordion,1659483555,1659483557,a95088a,0,0,0,0,yarn lint && jest
beame-insta-ssl,1659483557,1659483560,a879a48,0,0,0,0,yarn lint && jest
LaTeX2JS,1659483560,1659483565,feff6a0,1,0,0,0,jest
progression.js,1659483566,1659483568,b769014,0,0,0,0,jest
GitterMobile,1659483569,1659483579,8feb4b3,1,0,0,0,jest
aso,1659483580,1659483583,9a1a89b,0,0,0,0,echo \
jquery-template,1659483583,1659483586,0164215,0,0,0,0,echo \
vminpoly,1659483588,1659483590,d4c3467,0,0,0,0,echo \
react-native-shadow,1659483590,1659483594,3b9011c,0,0,0,0,echo \
main-bower-files,1659483595,1659483598,6e8c3da,0,0,1,0,mocha
bilby.js,1659483598,1659483600,c83fabd,0,0,0,0,grunt rig jshint nodeunit uglify emu
memdb,1659483601,1659483604,bded437,0,0,1,0,~0.12.6
chrome-react-perf,1659483604,1659483607,fd673b2,0,1,0,0,jasmine
Docbase,1659483608,1659483612,bad77dd,0,1,0,0,grunt
react-tdd-guide,1659483613,1659483614,0f36f2f,1,0,0,0,npm run lint && jest
chronoline.js,1659483614,1659483616,c28e243,0,0,0,0,echo \
ram,1659483617,1659483619,fabc899,0,0,0,0,echo \
forever-service,1659483620,1659483622,5be2f60,0,0,1,0,mocha test/*.js
bootstrap-stylus,1659483622,1659483626,8f7ab1f,0,0,0,0,mocha test/*.js
dialogflow-fulfillment-nodejs,1659483626,1659483629,86a844a,0,0,0,0,npm run lint && ava
JS-total,1659483629,1659483632,6b51caf,0,0,0,0,echo \
threadAndPackage,1659483632,1659483643,78bde22,0,0,0,0,echo \
react-look,1659483643,1659483650,bcc0165,0,0,1,0,istanbul cover _mocha -- packages/react-look-core/test packages/react-look/test packages/react-look-native/test packages/react-look-test-utils/test --opts test/mocha.opts
gitpop,1659483651,1659483653,e77100c,0,0,0,0,istanbul cover _mocha -- packages/react-look-core/test packages/react-look/test packages/react-look-native/test packages/react-look-test-utils/test --opts test/mocha.opts
ambidex,1659483653,1659483655,795ccd8,0,0,0,0,istanbul cover _mocha -- packages/react-look-core/test packages/react-look/test packages/react-look-native/test packages/react-look-test-utils/test --opts test/mocha.opts
sausage,1659483656,1659483657,846d435,0,0,0,0,istanbul cover _mocha -- packages/react-look-core/test packages/react-look/test packages/react-look-native/test packages/react-look-test-utils/test --opts test/mocha.opts
ui-ace,1659483658,1659483661,4c62a97,0,1,0,1,grunt
bcrypt-nodejs,1659483661,1659483663,3f9018d,0,0,1,0,make test
newcrawler,1659483665,1659483743,e4fd830,0,0,0,0,make test
DecorateThis,1659483747,1659483749,f4ca8b6,0,0,1,0,gulp test
scroll-behavior,1659483749,1659483755,d8b7576,0,0,1,1,npm run lint && npm run test:ts && npm run testonly
agility,1659483755,1659483759,6ac44a8,0,0,0,0,npm run lint && npm run test:ts && npm run testonly
redback,1659483759,1659483762,1529cbf,0,0,0,0,redis-cli -n 11 flushdb && expresso -s test/*.test.js
hypher,1659483763,1659483765,3ff0220,0,0,0,0,vows
lumin,1659483765,1659483767,29ba6d5,0,0,0,0,echo \
posterus,1659483767,1659483768,2ed8d3a,0,0,0,0,node ./test/test.mjs
simulacra,1659483769,1659483773,60e893c,0,0,0,0,npm run lint && npm run test:render && npm run test:browser
react-truncate,1659483773,1659483777,ef5812f,0,0,1,0,cross-env BABEL_ENV=test mocha --require babel-polyfill --require babel-core/register
rollerblade,1659483777,1659483781,416da2f,0,0,0,0,cross-env BABEL_ENV=test mocha --require babel-polyfill --require babel-core/register
up,1659483781,1659483783,a51bede,0,0,1,0,./node_modules/mocha/bin/mocha test/*.test.js
shiro,1659483784,1659483821,14dc184,0,0,0,0,./node_modules/mocha/bin/mocha test/*.test.js
ng2-play,1659483827,1659483829,0a45a8b,0,0,0,0,./node_modules/mocha/bin/mocha test/*.test.js
GithubPulse,1659483829,1659483838,05da02a,0,0,0,0,echo \
vue-tap,1659483839,1659483841,7c69bd2,0,0,0,0,echo \
headstart,1659483841,1659483849,aac2e7d,0,0,0,0,echo \
gulliver,1659483849,1659483857,a856946,0,0,1,0,^3.3.0
core,1659483857,1659483861,2e89868,0,0,0,0,^3.3.0
jekyll-lunr-js-search,1659483861,1659483865,4eae035,0,0,0,0,^3.3.0
sketch-styles-generator,1659483865,1659483870,387146d,0,0,0,0,^3.3.0
recursive-drawing,1659483870,1659483873,ad06179,0,0,0,0,^3.3.0
react-native-spruce,1659483873,1659483876,6eef94e,0,0,0,0,echo \
sydjs-site,1659483877,1659483888,af8599a,0,0,0,0,echo \
proxymise,1659483889,1659483891,d23e0a3,1,0,0,0,jest --verbose
smart-table-scroll,1659483892,1659483894,72a0304,0,0,0,0,echo 'Tests... WIP.'
grunt-criticalcss,1659483894,1659483896,6218fdd,0,0,0,0,grunt test
flac.js,1659483896,1659483899,6d76459,0,0,0,0,grunt test
messenger-bot-samples,1659483899,1659483908,b6eedb1,0,0,0,0,grunt test
ballista,1659483910,1659483912,76750b5,0,0,0,0,grunt test
factor-network,1659483913,1659483931,67889df,0,0,1,0,^6.24.0
guardian,1659483932,1659483934,431f0d4,0,0,0,0,echo \
headlesscms.org,1659483934,1659483948,6eb92e2,0,0,0,0,echo \
webpack-seed,1659483949,1659483952,3f0f0f6,0,0,0,0,echo \
hexo-theme-Wikitten,1659483952,1659483957,5b0d493,0,0,0,0,echo \
dom-animator,1659483959,1659483962,eb7bd69,0,0,0,0,echo \
react-stdio,1659483962,1659483965,6948925,1,0,0,0,jest
unstuck-webpack,1659483965,1659483970,1aa09b2,0,0,0,0,echo \
vue-vuex-router,1659483970,1659483972,2b13bed,0,0,0,0,echo \
jquery.localScroll,1659483973,1659483975,902db8f,0,0,0,0,echo \
rtc-everywhere,1659483975,1659483978,caf0a08,0,0,1,0,npm run lint && npm run-script test-browser-local
lenticular.js,1659483978,1659483981,56ab879,0,0,0,0,npm run lint && npm run-script test-browser-local
vue-fragment,1659483982,1659483987,bb6f9d9,0,0,0,0,echo \
whatsapp-web-clone,1659483987,1659483990,1086ed1,1,0,0,0,react-scripts test
wzrd.in,1659483990,1659483993,db0146b,0,0,0,0,rm -rf ./cdn.db && rm -rf ./test/cdn.db && tap -j1 ./test/*.js
H-ui.admin,1659483994,1659484028,2bc572e,0,0,0,0,rm -rf ./cdn.db && rm -rf ./test/cdn.db && tap -j1 ./test/*.js
react-nil,1659484031,1659484033,8230527,0,0,0,0,echo no tests yet
touche,1659484034,1659484037,13f27db,0,0,0,0,grunt --verbose
redux-ship,1659484037,1659484042,2364ace,1,0,0,0,jest
JSV,1659484042,1659484048,e539d4d,0,0,0,0,jest
konsul,1659484049,1659484056,fb8b41f,0,0,0,0,jest
audiosprite,1659484057,1659484059,84a953d,0,0,1,0,mocha
torrent,1659484059,1659484062,fe465c8,0,0,0,0,standard
sketch-preview,1659484062,1659484065,0e9f47e,0,0,0,0,standard
scroll-up-bar,1659484065,1659484067,31802a2,0,1,0,1,grunt test
command-line-args,1659484068,1659484072,bfc3d9d,0,0,0,0,npm run dist && npm run test:js && npm run test:mjs
pxview,1659484073,1659484111,583e9a0,1,0,0,0,jest
image-downloader,1659484112,1659484116,a3284fa,1,0,0,0,
react-app,1659484117,1659484120,d9c9a1f,0,0,0,0,
Nodelike,1659484121,1659484126,cbaacf8,0,0,0,0,
reactspeedcoding,1659484127,1659484132,ffd7fd3,0,0,1,0,NODE_ENV=test npm run elint && npm run slint && npm run test:mocha
Jed,1659484133,1659484135,351c47d,0,0,1,0,make test
bootstrap-tokenfield,1659484135,1659484138,ff5b929,0,0,1,0,mocha --ui bdd --recursive --reporter spec --require must
create-component-app,1659484138,1659484147,67ae259,1,0,0,0,jest
ChromeWebLab,1659484147,1659484179,60f964b,0,0,0,0,jest
betty,1659484181,1659484184,68861d7,0,0,1,0,mocha --reporter list
Koa2-blog,1659484185,1659484188,844314d,0,0,1,0,./node_modules/mocha/bin/mocha --harmony test
next-images,1659484188,1659484190,cb10189,0,0,0,0,./node_modules/mocha/bin/mocha --harmony test
science.js,1659484190,1659484194,06e9367,0,0,0,0,./node_modules/mocha/bin/mocha --harmony test
classcat,1659484194,1659484196,731c8fc,0,0,0,0,c8 twist tests/*.js
ngmin,1659484196,1659484198,d161ac6,0,0,1,0,./node_modules/.bin/mocha --globals angular,require
sketch-material,1659484199,1659484208,6d85e5c,0,0,0,0,./node_modules/.bin/mocha --globals angular,require
devoops,1659484208,1659484217,727a5d0,0,0,0,0,./node_modules/.bin/mocha --globals angular,require
marginotes,1659484219,1659484222,e07c642,0,0,0,0,echo \
grunt-wiredep,1659484223,1659484225,9cee455,0,0,0,0,echo \
react-rethinkdb,1659484225,1659484233,8383b0e,0,0,1,0,eslint test && mocha --compilers js:babel/register
CacheP2P,1659484234,1659484239,2671f6a,0,0,0,0,standard && node ./bin/test.js
wu.js,1659484240,1659484244,04a42a0,0,0,1,0,npm run build && mocha --full-trace --no-colors --compilers js:babel/register
error-overlay-webpack-plugin,1659484244,1659484246,8aa4edf,0,0,0,0,npm run build && mocha --full-trace --no-colors --compilers js:babel/register
ChoiceCoin.github.io,1659484246,1659484257,497b42e,0,0,0,0,npm run build && mocha --full-trace --no-colors --compilers js:babel/register
grunt-perfbudget,1659484258,1659484263,9fa7517,0,0,0,0,~0.3.3
node-thunkify,1659484263,1659484267,286835e,0,0,1,0,~0.3.3
reacto,1659484268,1659484274,57d4022,1,0,0,0,node scripts/test.js --env=jsdom
h5slides,1659484275,1659484279,4adb646,0,0,0,0,node scripts/test.js --env=jsdom
uki,1659484280,1659484286,5dfdce6,0,0,0,0,node scripts/test.js --env=jsdom
react-native-canvas,1659484286,1659484290,45ca7b6,0,0,0,0,node scripts/test.js --env=jsdom
J-I-C,1659484290,1659484302,9f8bcb6,0,0,0,0,echo \
3ree,1659484302,1659484305,d4c2f3c,0,0,1,1,./node_modules/karma/bin/karma start
screenshot-app,1659484305,1659484307,372d4ee,0,0,0,0,./node_modules/karma/bin/karma start
rethinkdbdash,1659484308,1659484313,7421553,0,0,1,0,mocha --check-leaks -t 20000
rc-bmap,1659484313,1659484328,e150d43,0,0,0,0,mocha --check-leaks -t 20000
cradle,1659484328,1659484332,1042ee4,0,0,0,0,node test/helpers/seed.js && vows --spec
react-materialize,1659484332,1659484348,ac5c6f0,1,0,0,0,npm run lint
aralejs.github.io,1659484349,1659484351,94f5520,0,0,0,0,npm run lint
lucky-draw,1659484351,1659484363,5e3fd59,0,0,0,0,npm run lint
node-argon2,1659484363,1659484366,fc7e0c5,0,0,1,0,nyc mocha test/test.js
privacy-redirect,1659484366,1659484378,cd35a73,0,0,0,0,web-ext lint --source-dir ./src/ || true
pinus,1659484379,1659484433,bdff8eb,0,0,1,0,lerna run mochatest
highway,1659484438,1659484444,c35718e,0,0,0,0,lerna run mochatest
3d.city,1659484444,1659484472,bfa46fa,0,0,0,0,lerna run mochatest
lazy-load-xt,1659484472,1659484476,f8a5b7d,0,0,0,0,grunt qunit
moxios,1659484476,1659484478,52e0d9b,0,0,1,1,karma start --single-run
reflexbox,1659484478,1659484480,76c8f1b,0,0,0,0,ava
react-native-credit-card-input,1659484481,1659484484,c731ce1,0,0,0,0,echo \
reverse-shell-generator,1659484484,1659484486,6dda01a,0,0,0,0,echo \
frontend,1659484486,1659484528,742b8edb,0,0,0,0,echo \
FastForward,1659484530,1659484540,4101474,0,0,0,0,echo \
The-cost-of-transpiling-es2015-in-2016,1659484541,1659484545,0e28e6f,0,0,0,0,echo \
cavy,1659484545,1659484550,bd82093,1,0,0,0,jest
jqBootstrapValidation,1659484550,1659484553,96fef5d,0,0,0,0,grunt travis --verbose
polyfill,1659484553,1659484557,716a3f3,0,0,0,0,grunt travis --verbose
wxapp-mall,1659484558,1659484560,dce708f,0,0,0,0,grunt travis --verbose
FullstackReactCode,1659484560,1659484568,380e5c9,0,0,0,0,grunt travis --verbose
pod,1659484569,1659484572,97a546c,0,0,1,0,mocha test/api.js -r jscoverage -R spec --slow 1250 --timeout 5000 && bash test/cli.sh
gatsby-starter-default,1659484572,1659484582,c051b6c,0,0,0,0,echo \
redux-pack,1659484582,1659484584,7818ffd,0,0,0,0,npm run lint
vscode-icons,1659484584,1659484679,13801ac,0,0,0,0,npm run lint
jsx-vue2,1659484680,1659484684,de293a3,0,0,0,0,lerna run test
tinytime,1659484685,1659484687,656cfc0,1,0,0,0,NODE_ENV=test flow && jest
mrm,1659484687,1659484706,4e1d4c8,1,0,0,0,npm run typecheck && npm run format
AnimateMate,1659484707,1659484718,75c3e8a,0,0,0,0,npm run typecheck && npm run format
fasy,1659484718,1659484720,92bcbe5,0,0,0,0,node scripts/node-tests.js
postleaf,1659484720,1659484725,c6a7936,0,0,0,0,node scripts/node-tests.js
dbox,1659484725,1659484729,f04ffa6,0,0,1,0,./node_modules/.bin/mocha -t 120000 test/all.js -R spec
easy-mock-cli,1659484729,1659484731,0d9d567,0,0,0,0,./node_modules/.bin/mocha -t 120000 test/all.js -R spec
kneden,1659484731,1659484735,b6f0668,0,0,1,0,npm run test:lint && npm run test:cov
jit-grunt,1659484736,1659484739,e37e865,0,0,1,0,^0.12.0
http2,1659484739,1659485177,734ad72e39,0,0,0,0,^0.12.0
drone,1659485225,1659485231,044d4be,0,0,0,0,node test.js
jsgif,1659485232,1659485240,8f57a8d,0,0,0,0,node test.js
derivablejs,1659485241,1659485245,f334daa,1,0,0,0,npm run build && jest --coverage && npm run lint
cordova-weinre,1659485245,1659485258,e7433e2,0,0,0,0,npm run build && jest --coverage && npm run lint
ThreeAudio.js,1659485259,1659485262,d3f6b5c,0,0,0,0,npm run build && jest --coverage && npm run lint
thunderbird,1659485262,1659485263,90a05d2,0,0,0,0,npm run build && jest --coverage && npm run lint
async-to-gen,1659485264,1659485266,87def0a,0,0,0,0,DIFF=$(./async-to-gen test/source.js | diff test/expected.js -); if [ -n \
PojoViz,1659485266,1659485272,80ae543,0,0,1,1,DIFF=$(./async-to-gen test/source.js | diff test/expected.js -); if [ -n \
node-apac,1659485273,1659485275,2936e8c,0,0,1,0,mocha lib/*.specs.js
jslider,1659485275,1659485277,696822f,0,0,0,0,mocha lib/*.specs.js
papery,1659485278,1659485279,830a7ef,0,0,1,0,mocha ./test/tests.js -R spec
kanban,1659485280,1659485295,0a2a880,0,0,0,0,mocha ./test/tests.js -R spec
django-mingus,1659485297,1659485314,c609980,0,0,0,0,mocha ./test/tests.js -R spec
RNParallax,1659485317,1659485319,d3afc26,0,0,0,0,echo \
agentkeepalive,1659485319,1659485322,d52822c,0,0,0,0,npm run lint && egg-bin test --full-trace
drizzle-legacy,1659485322,1659485326,b86f948,1,0,0,0,jest --notify --silent
jekyll-hook,1659485326,1659485328,2b00c71,0,0,0,0,jest --notify --silent
descartes,1659485328,1659485331,e3dce13,0,0,0,0,jest --notify --silent
Timeline,1659485331,1659485334,3e4b131,0,0,0,0,jest --notify --silent
flare,1659485334,1659485337,b39227b,0,1,0,1,jest --notify --silent
Gokotta,1659485337,1659485341,cc207a8,0,0,1,0,
selection-sharer,1659485341,1659485343,8f42dc9,0,0,0,0,
pogo-optimizer,1659485344,1659485356,1199d65,0,0,0,0,
DBGlass,1659485358,1659485365,4c552a0,0,0,1,0,cross-env NODE_ENV=test mocha --compilers js:babel-register --recursive --require ./test/setup.js test/**/*.spec.js
sewise-player,1659485365,1659485381,3d4bfe4,0,0,0,0,cross-env NODE_ENV=test mocha --compilers js:babel-register --recursive --require ./test/setup.js test/**/*.spec.js
connect-js,1659485382,1659485385,ab0ab8d,0,0,0,0,cross-env NODE_ENV=test mocha --compilers js:babel-register --recursive --require ./test/setup.js test/**/*.spec.js
node-hid,1659485385,1659485387,1bb251c,0,0,0,0,node src/test-ci.js
vanilla-masker,1659485387,1659485390,580f5f2,0,1,0,0,grunt test
sprite-cow,1659485390,1659485392,eab0a11,0,0,0,0,grunt test
jquery.sparkline,1659485392,1659485395,657f428,0,0,0,0,grunt test
doom-fire-algorithm,1659485395,1659485444,36b58ac,0,0,0,0,grunt test
configure-aws-credentials,1659485446,1659485459,58bb841,1,0,0,0,npm run lint && jest --coverage --verbose
blockbench,1659485460,1659485472,1386d9c,0,0,0,0,npm run lint && jest --coverage --verbose
susi_twitchbot,1659485473,1659485476,96d8328,0,0,0,0,npm run lint && jest --coverage --verbose
magic-mirror-demo,1659485477,1659485481,945df4a,0,0,0,0,echo \
machine-learning-surveys,1659485481,1659485483,1685cc2,0,0,0,0,echo \
blockchain-explorer,1659485483,1659485553,48ebe8e,0,0,1,0,nyc mocha
rifm,1659485555,1659485560,b51d843,1,0,0,0,eslint --ignore-path .gitignore ./ && flow check && yarn test:ts && yarn jest
stacksort,1659485560,1659485562,1da3f65,0,0,0,0,eslint --ignore-path .gitignore ./ && flow check && yarn test:ts && yarn jest
jquerypp,1659485562,1659485569,6bd2f14,0,0,0,0,grunt test --stack
iNoBounce,1659485570,1659485571,ec49324,0,0,0,0,grunt test --stack
workshop-generative-art,1659485571,1659485574,f3be34f,0,0,0,0,grunt test --stack
pageAccelerator,1659485575,1659485576,b0e8966,0,0,1,0,grunt test --stack
element-resize-detector,1659485576,1659485579,bae322e,0,1,0,1,grunt test
semantic-pull-requests,1659485579,1659485582,f4916f4,1,0,0,0,jest test/* && npm run lint
Photoshop-Export-Layers-to-Files-Fast,1659485582,1659485585,2c3e48f,0,0,0,0,jest test/* && npm run lint
lib-jitsi-meet,1659485585,1659485689,73bc6ba2,0,1,0,1,karma start karma.conf.js
kit,1659485691,1659485710,bd1e9d9,0,0,0,0,lerna run test
webmidi,1659485711,1659485742,bef14e09b,0,0,1,0,lerna run test
Mining-the-Social-Web,1659485742,1659485746,994a6d5,0,0,0,0,lerna run test
d3-tip,1659485746,1659485750,517b147,0,0,0,0,echo \
