SpringBootCodeGenerator,1659482847,1659482854,781a7ff,0,0,0,0,
disc,1659482854,1659482857,7522b58,0,0,0,0,node test | tap-spec
serverless-dynamodb-local,1659482857,1659482860,0d44cc7,0,0,1,0,mocha ./test
youkuhtml5playerbookmark,1659482860,1659482863,d4b7ea9,0,0,0,0,mocha ./test
Responsive-Measure,1659482863,1659482866,2a15f9e,0,0,0,0,mocha ./test
ProgressiveWordPress,1659482866,1659482878,84feb91,0,0,0,0,mocha ./test
funcunit,1659482879,1659482899,9942a8b,0,1,1,0,npm run lint && npm run testee
db,1659482900,1659482903,b935486,0,0,0,0,echo \
JAIL,1659482903,1659482906,dbe6811,0,1,0,0,grunt travis
show-me-the-react,1659482906,1659482910,06dfa8f,0,0,0,0,grunt travis
react-native-store,1659482911,1659482913,ef5d168,1,0,0,0,jest --verbose
load.js,1659482913,1659482918,3acd55a,0,0,0,0,jest --verbose
serve,1659482919,1659482920,f5d73e9,0,0,0,0,jest --verbose
jquery-audit,1659482921,1659482924,e12f4c9,0,0,0,0,jest --verbose
fibre,1659482924,1659482950,4d9d21e,0,0,0,0,jest --verbose
multiselect,1659482951,1659482954,71eda5f,0,0,0,0,jest --verbose
streakjs-weapp,1659482954,1659482962,21b32c9,0,0,0,0,jest --verbose
TorrenTV,1659482962,1659482964,0804fa8,0,0,0,0,echo \
laravel-bootstrap,1659482964,1659482968,053c757,0,0,0,0,echo \
Webplate,1659482968,1659482981,67beea7,0,0,0,0,echo \
async-props,1659482982,1659482984,f5d98dc,0,0,1,1,npm run lint && karma start
gulp-eslint,1659482984,1659482988,5dd78fa,0,0,1,0,mocha
swampdragon,1659482988,1659482992,ef8dedd,0,0,0,0,mocha
react-gateway,1659482993,1659482995,862198f,0,0,1,1,karma start
hippie,1659482995,1659482997,53012ae,0,0,0,0,jshint .
concat-stream,1659482997,1659482999,ceaa101,0,0,0,0,tape test/*.js test/server/*.js
jquerymx,1659482999,1659483008,0f917a8,0,0,0,0,tape test/*.js test/server/*.js
readremaining.js,1659483009,1659483011,04964c0,0,0,0,0,tape test/*.js test/server/*.js
slackbox,1659483011,1659483013,ccb389a,0,0,0,0,echo \
classeur,1659483013,1659483019,f274a6a,0,0,0,0,gulp default lint-all
react-native-Gank,1659483020,1659483033,8beb21a,1,0,0,0,jest
react-native-android-lession,1659483036,1659483043,e685dab,0,0,0,0,jest
camo,1659483043,1659483046,068eb47,0,0,1,0,mocha
react-themeable,1659483046,1659483049,0f15ce5,0,0,1,0,babel-istanbul cover _mocha -- --compilers js:babel/register && babel-istanbul check-coverage --branches 100
react-fiber-implement,1659483050,1659483051,02970be,0,0,0,0,echo \
etch,1659483052,1659483055,13f1643,0,0,1,0,npm run standard && npm run mocha
genie,1659483055,1659483059,05b43ee,0,0,0,0,kcd-scripts test
r2d3,1659483059,1659483063,bc4fe57,0,0,0,0,kcd-scripts test
csssr-project-template,1659483063,1659483067,abdc19b,0,0,0,0,kcd-scripts test
mail,1659483067,1659483081,c102b61,0,0,1,0,grunt && grunt test
jquery-fracs,1659483081,1659483085,dbf8e50,0,0,0,0,grunt && grunt test
node-dns,1659483085,1659483088,1f1528f,0,0,0,0,nodeunit test
baudio,1659483088,1659483090,f7b2c9a,0,0,0,0,nodeunit test
DecorateThis,1659483090,1659483092,f4ca8b6,0,0,1,0,gulp test
react-reformed,1659483092,1659483094,ee9c2ee,0,0,0,0,echo \
scroll-behavior,1659483094,1659483100,d8b7576,0,0,1,1,npm run lint && npm run test:ts && npm run testonly
agility,1659483100,1659483105,6ac44a8,0,0,0,0,npm run lint && npm run test:ts && npm run testonly
hypher,1659483105,1659483108,3ff0220,0,0,0,0,vows
simulacra,1659483108,1659483113,60e893c,0,0,0,0,npm run lint && npm run test:render && npm run test:browser
react-truncate,1659483113,1659483116,ef5812f,0,0,1,0,cross-env BABEL_ENV=test mocha --require babel-polyfill --require babel-core/register
ng2-play,1659483116,1659483118,0a45a8b,0,0,0,0,cross-env BABEL_ENV=test mocha --require babel-polyfill --require babel-core/register
GithubPulse,1659483118,1659483126,05da02a,0,0,0,0,echo \
vue-tap,1659483127,1659483129,7c69bd2,0,0,0,0,echo \
headstart,1659483129,1659483132,aac2e7d,0,0,0,0,echo \
generator-webapp_DEPRECATED,1659483132,1659483137,bc7e0b8,0,1,1,0,mocha --reporter spec --timeout 3000
SVGInjector,1659483137,1659483140,bd355be,0,0,0,0,jshint svg-injector.js
ekill,1659483141,1659483144,fa1c474,0,0,0,0,jshint svg-injector.js
synth,1659483144,1659483147,72c77eb,0,0,1,0,make test
VisualEvent,1659483147,1659483149,d0ccb54,0,0,0,0,make test
QuanX,1659483149,1659483155,b6afaad,0,0,0,0,make test
angular2-authentication-sample,1659483155,1659483157,3d5f962,0,0,0,0,echo \
printThis,1659483157,1659483164,23be1f8,0,0,0,0,echo \
33-js-conceptos,1659483164,1659483167,896f990,0,0,0,0,echo \
jOrgChart,1659483168,1659483169,89cb998,0,0,0,0,echo \
electron-chrome,1659483169,1659483173,81122fc,0,0,0,0,echo \
texture,1659483174,1659483201,96527764,0,0,0,0,npm run test-nodejs
zuul,1659483202,1659483207,f95e623,0,0,1,0,DEBUG=zuul* mocha --ui qunit --timeout 0 --bail -- test/index.js
jolteon,1659483207,1659483210,f9a6d8c,0,0,0,0,DEBUG=zuul* mocha --ui qunit --timeout 0 --bail -- test/index.js
gulp-app,1659483211,1659483214,54497c1,0,0,0,0,DEBUG=zuul* mocha --ui qunit --timeout 0 --bail -- test/index.js
architect,1659483214,1659483216,aee3404,0,0,0,0,DEBUG=zuul* mocha --ui qunit --timeout 0 --bail -- test/index.js
sites,1659483216,1659483240,e502e19,0,0,0,0,DEBUG=zuul* mocha --ui qunit --timeout 0 --bail -- test/index.js
enzyme-to-json,1659483241,1659483245,7d90cdf,1,0,0,0,yarn lint && yarn test-core
gulp-uncss,1659483245,1659483248,e952183,0,0,0,0,tape test.js | tap-spec
lightning,1659483248,1659483257,d4d2d5f,0,0,1,0,mocha --timeout 200000
grunt-newer,1659483258,1659483261,54484d3,0,0,1,0,grunt test
jQuery-ajaxTransport-XDomainRequest,1659483261,1659483263,47de50f,0,0,0,0,grunt test
marksheet,1659483263,1659483268,ac00cd1,0,0,0,0,grunt test
wipeClean,1659483269,1659483271,3dd02f7,0,0,0,0,grunt test
gitwms,1659483271,1659483340,72e3c11,0,0,0,0,grunt test
substance-legacy,1659483350,1659483362,003604ad,0,0,0,1,gulp build-test && gulp test
unirest-nodejs,1659483363,1659483365,a06ba4e,0,0,1,0,make test
imgix.js,1659483366,1659483372,215a55e,0,1,0,0,npm run build && ./node_modules/jasmine/bin/jasmine.js & npm run cy:runOnly
frame.js,1659483372,1659483378,9a40ded,0,0,0,0,npm run build && ./node_modules/jasmine/bin/jasmine.js & npm run cy:runOnly
venn.js,1659483379,1659483381,5ff0ef3,0,0,0,0,jshint src/*.js && tape 'tests/**/*test.js'
funcunit,1659483382,1659483393,9942a8b,0,1,1,0,npm run lint && npm run testee
db,1659483394,1659483398,b935486,0,0,0,0,echo \
JAIL,1659483398,1659483405,dbe6811,0,1,0,0,grunt travis
show-me-the-react,1659483405,1659483409,06dfa8f,0,0,0,0,grunt travis
react-native-store,1659483410,1659483411,ef5d168,1,0,0,0,jest --verbose
load.js,1659483411,1659483415,3acd55a,0,0,0,0,jest --verbose
jquery-audit,1659483416,1659483420,e12f4c9,0,0,0,0,jest --verbose
fibre,1659483420,1659483450,4d9d21e,0,0,0,0,jest --verbose
multiselect,1659483451,1659483453,71eda5f,0,0,0,0,jest --verbose
streakjs-weapp,1659483453,1659483457,21b32c9,0,0,0,0,jest --verbose
facepaint,1659483457,1659483459,a0166db,1,0,0,0,jest --coverage --no-cache --ci --runInBand
TorrenTV,1659483459,1659483461,0804fa8,0,0,0,0,echo \
laravel-bootstrap,1659483461,1659483464,053c757,0,0,0,0,echo \
run.rb,1659483466,1659483470,d0f5cf9,1,0,0,0,node scripts/test.js
material-design-color-palette,1659483470,1659483475,1e47d7c,0,0,0,0,node scripts/test.js
react-mobx-react-router4-boilerplate,1659483475,1659483477,d0fbe0b,0,0,0,0,echo \
Webplate,1659483477,1659483493,67beea7,0,0,0,0,echo \
async-props,1659483495,1659483498,f5d98dc,0,0,1,1,npm run lint && karma start
gulp-eslint,1659483498,1659483501,5dd78fa,0,0,1,0,mocha
react-gateway,1659483501,1659483502,862198f,0,0,1,1,karma start
hippie,1659483503,1659483505,53012ae,0,0,0,0,jshint .
concat-stream,1659483505,1659483507,ceaa101,0,0,0,0,tape test/*.js test/server/*.js
jquerymx,1659483507,1659483514,0f917a8,0,0,0,0,tape test/*.js test/server/*.js
craftbeerpi,1659483515,1659483533,4474593,0,0,0,0,tape test/*.js test/server/*.js
readremaining.js,1659483534,1659483536,04964c0,0,0,0,0,tape test/*.js test/server/*.js
slackbox,1659483537,1659483538,ccb389a,0,0,0,0,echo \
classeur,1659483539,1659483546,f274a6a,0,0,0,0,gulp default lint-all
style-resources-module,1659483546,1659483550,45ef8de,1,0,0,0,yarn lint && jest
ui-select2,1659483550,1659483555,afa6589,0,0,0,1,yarn lint && jest
Easy-Responsive-Tabs-to-Accordion,1659483555,1659483557,a95088a,0,0,0,0,yarn lint && jest
beame-insta-ssl,1659483557,1659483560,a879a48,0,0,0,0,yarn lint && jest
LaTeX2JS,1659483560,1659483565,feff6a0,1,0,0,0,jest
progression.js,1659483566,1659483568,b769014,0,0,0,0,jest
GitterMobile,1659483569,1659483579,8feb4b3,1,0,0,0,jest
aso,1659483580,1659483583,9a1a89b,0,0,0,0,echo \
jquery-template,1659483583,1659483586,0164215,0,0,0,0,echo \
vminpoly,1659483588,1659483590,d4c3467,0,0,0,0,echo \
react-native-shadow,1659483590,1659483594,3b9011c,0,0,0,0,echo \
main-bower-files,1659483595,1659483598,6e8c3da,0,0,1,0,mocha
bilby.js,1659483598,1659483600,c83fabd,0,0,0,0,grunt rig jshint nodeunit uglify emu
memdb,1659483601,1659483604,bded437,0,0,1,0,~0.12.6
chrome-react-perf,1659483604,1659483607,fd673b2,0,1,0,0,jasmine
Docbase,1659483608,1659483612,bad77dd,0,1,0,0,grunt
react-tdd-guide,1659483613,1659483614,0f36f2f,1,0,0,0,npm run lint && jest
chronoline.js,1659483614,1659483616,c28e243,0,0,0,0,echo \
ram,1659483617,1659483619,fabc899,0,0,0,0,echo \
forever-service,1659483620,1659483622,5be2f60,0,0,1,0,mocha test/*.js
bootstrap-stylus,1659483622,1659483626,8f7ab1f,0,0,0,0,mocha test/*.js
dialogflow-fulfillment-nodejs,1659483626,1659483629,86a844a,0,0,0,0,npm run lint && ava
JS-total,1659483629,1659483632,6b51caf,0,0,0,0,echo \
threadAndPackage,1659483632,1659483643,78bde22,0,0,0,0,echo \
react-look,1659483643,1659483650,bcc0165,0,0,1,0,istanbul cover _mocha -- packages/react-look-core/test packages/react-look/test packages/react-look-native/test packages/react-look-test-utils/test --opts test/mocha.opts
gitpop,1659483651,1659483653,e77100c,0,0,0,0,istanbul cover _mocha -- packages/react-look-core/test packages/react-look/test packages/react-look-native/test packages/react-look-test-utils/test --opts test/mocha.opts
ambidex,1659483653,1659483655,795ccd8,0,0,0,0,istanbul cover _mocha -- packages/react-look-core/test packages/react-look/test packages/react-look-native/test packages/react-look-test-utils/test --opts test/mocha.opts
sausage,1659483656,1659483657,846d435,0,0,0,0,istanbul cover _mocha -- packages/react-look-core/test packages/react-look/test packages/react-look-native/test packages/react-look-test-utils/test --opts test/mocha.opts
ui-ace,1659483658,1659483661,4c62a97,0,1,0,1,grunt
bcrypt-nodejs,1659483661,1659483663,3f9018d,0,0,1,0,make test
newcrawler,1659483665,1659483743,e4fd830,0,0,0,0,make test
DecorateThis,1659483747,1659483749,f4ca8b6,0,0,1,0,gulp test
scroll-behavior,1659483749,1659483755,d8b7576,0,0,1,1,npm run lint && npm run test:ts && npm run testonly
agility,1659483755,1659483759,6ac44a8,0,0,0,0,npm run lint && npm run test:ts && npm run testonly
redback,1659483759,1659483762,1529cbf,0,0,0,0,redis-cli -n 11 flushdb && expresso -s test/*.test.js
hypher,1659483763,1659483765,3ff0220,0,0,0,0,vows
lumin,1659483765,1659483767,29ba6d5,0,0,0,0,echo \
posterus,1659483767,1659483768,2ed8d3a,0,0,0,0,node ./test/test.mjs
simulacra,1659483769,1659483773,60e893c,0,0,0,0,npm run lint && npm run test:render && npm run test:browser
react-truncate,1659483773,1659483777,ef5812f,0,0,1,0,cross-env BABEL_ENV=test mocha --require babel-polyfill --require babel-core/register
rollerblade,1659483777,1659483781,416da2f,0,0,0,0,cross-env BABEL_ENV=test mocha --require babel-polyfill --require babel-core/register
up,1659483781,1659483783,a51bede,0,0,1,0,./node_modules/mocha/bin/mocha test/*.test.js
shiro,1659483784,1659483821,14dc184,0,0,0,0,./node_modules/mocha/bin/mocha test/*.test.js
ng2-play,1659483827,1659483829,0a45a8b,0,0,0,0,./node_modules/mocha/bin/mocha test/*.test.js
GithubPulse,1659483829,1659483838,05da02a,0,0,0,0,echo \
vue-tap,1659483839,1659483841,7c69bd2,0,0,0,0,echo \
headstart,1659483841,1659483849,aac2e7d,0,0,0,0,echo \
gulliver,1659483849,1659483857,a856946,0,0,1,0,^3.3.0
core,1659483857,1659483861,2e89868,0,0,0,0,^3.3.0
jekyll-lunr-js-search,1659483861,1659483865,4eae035,0,0,0,0,^3.3.0
sketch-styles-generator,1659483865,1659483870,387146d,0,0,0,0,^3.3.0
recursive-drawing,1659483870,1659483873,ad06179,0,0,0,0,^3.3.0
react-native-spruce,1659483873,1659483876,6eef94e,0,0,0,0,echo \
sydjs-site,1659483877,1659483888,af8599a,0,0,0,0,echo \
proxymise,1659483889,1659483891,d23e0a3,1,0,0,0,jest --verbose
smart-table-scroll,1659483892,1659483894,72a0304,0,0,0,0,echo 'Tests... WIP.'
grunt-criticalcss,1659483894,1659483896,6218fdd,0,0,0,0,grunt test
flac.js,1659483896,1659483899,6d76459,0,0,0,0,grunt test
messenger-bot-samples,1659483899,1659483908,b6eedb1,0,0,0,0,grunt test
ballista,1659483910,1659483912,76750b5,0,0,0,0,grunt test
factor-network,1659483913,1659483931,67889df,0,0,1,0,^6.24.0
guardian,1659483932,1659483934,431f0d4,0,0,0,0,echo \
headlesscms.org,1659483934,1659483948,6eb92e2,0,0,0,0,echo \
webpack-seed,1659483949,1659483952,3f0f0f6,0,0,0,0,echo \
hexo-theme-Wikitten,1659483952,1659483957,5b0d493,0,0,0,0,echo \
dom-animator,1659483959,1659483962,eb7bd69,0,0,0,0,echo \
react-stdio,1659483962,1659483965,6948925,1,0,0,0,jest
unstuck-webpack,1659483965,1659483970,1aa09b2,0,0,0,0,echo \
vue-vuex-router,1659483970,1659483972,2b13bed,0,0,0,0,echo \
jquery.localScroll,1659483973,1659483975,902db8f,0,0,0,0,echo \
rtc-everywhere,1659483975,1659483978,caf0a08,0,0,1,0,npm run lint && npm run-script test-browser-local
lenticular.js,1659483978,1659483981,56ab879,0,0,0,0,npm run lint && npm run-script test-browser-local
vue-fragment,1659483982,1659483987,bb6f9d9,0,0,0,0,echo \
whatsapp-web-clone,1659483987,1659483990,1086ed1,1,0,0,0,react-scripts test
wzrd.in,1659483990,1659483993,db0146b,0,0,0,0,rm -rf ./cdn.db && rm -rf ./test/cdn.db && tap -j1 ./test/*.js
H-ui.admin,1659483994,1659484028,2bc572e,0,0,0,0,rm -rf ./cdn.db && rm -rf ./test/cdn.db && tap -j1 ./test/*.js
react-nil,1659484031,1659484033,8230527,0,0,0,0,echo no tests yet
touche,1659484034,1659484037,13f27db,0,0,0,0,grunt --verbose
redux-ship,1659484037,1659484042,2364ace,1,0,0,0,jest
JSV,1659484042,1659484048,e539d4d,0,0,0,0,jest
konsul,1659484049,1659484056,fb8b41f,0,0,0,0,jest
audiosprite,1659484057,1659484059,84a953d,0,0,1,0,mocha
torrent,1659484059,1659484062,fe465c8,0,0,0,0,standard
sketch-preview,1659484062,1659484065,0e9f47e,0,0,0,0,standard
scroll-up-bar,1659484065,1659484067,31802a2,0,1,0,1,grunt test
command-line-args,1659484068,1659484072,bfc3d9d,0,0,0,0,npm run dist && npm run test:js && npm run test:mjs
pxview,1659484073,1659484111,583e9a0,1,0,0,0,jest
image-downloader,1659484112,1659484116,a3284fa,1,0,0,0,
react-app,1659484117,1659484120,d9c9a1f,0,0,0,0,
Nodelike,1659484121,1659484126,cbaacf8,0,0,0,0,
reactspeedcoding,1659484127,1659484132,ffd7fd3,0,0,1,0,NODE_ENV=test npm run elint && npm run slint && npm run test:mocha
Jed,1659484133,1659484135,351c47d,0,0,1,0,make test
bootstrap-tokenfield,1659484135,1659484138,ff5b929,0,0,1,0,mocha --ui bdd --recursive --reporter spec --require must
create-component-app,1659484138,1659484147,67ae259,1,0,0,0,jest
ChromeWebLab,1659484147,1659484179,60f964b,0,0,0,0,jest
betty,1659484181,1659484184,68861d7,0,0,1,0,mocha --reporter list
Koa2-blog,1659484185,1659484188,844314d,0,0,1,0,./node_modules/mocha/bin/mocha --harmony test
next-images,1659484188,1659484190,cb10189,0,0,0,0,./node_modules/mocha/bin/mocha --harmony test
science.js,1659484190,1659484194,06e9367,0,0,0,0,./node_modules/mocha/bin/mocha --harmony test
classcat,1659484194,1659484196,731c8fc,0,0,0,0,c8 twist tests/*.js
ngmin,1659484196,1659484198,d161ac6,0,0,1,0,./node_modules/.bin/mocha --globals angular,require
sketch-material,1659484199,1659484208,6d85e5c,0,0,0,0,./node_modules/.bin/mocha --globals angular,require
devoops,1659484208,1659484217,727a5d0,0,0,0,0,./node_modules/.bin/mocha --globals angular,require
marginotes,1659484219,1659484222,e07c642,0,0,0,0,echo \
grunt-wiredep,1659484223,1659484225,9cee455,0,0,0,0,echo \
react-rethinkdb,1659484225,1659484233,8383b0e,0,0,1,0,eslint test && mocha --compilers js:babel/register
CacheP2P,1659484234,1659484239,2671f6a,0,0,0,0,standard && node ./bin/test.js
wu.js,1659484240,1659484244,04a42a0,0,0,1,0,npm run build && mocha --full-trace --no-colors --compilers js:babel/register
error-overlay-webpack-plugin,1659484244,1659484246,8aa4edf,0,0,0,0,npm run build && mocha --full-trace --no-colors --compilers js:babel/register
ChoiceCoin.github.io,1659484246,1659484257,497b42e,0,0,0,0,npm run build && mocha --full-trace --no-colors --compilers js:babel/register
grunt-perfbudget,1659484258,1659484263,9fa7517,0,0,0,0,~0.3.3
node-thunkify,1659484263,1659484267,286835e,0,0,1,0,~0.3.3
reacto,1659484268,1659484274,57d4022,1,0,0,0,node scripts/test.js --env=jsdom
h5slides,1659484275,1659484279,4adb646,0,0,0,0,node scripts/test.js --env=jsdom
uki,1659484280,1659484286,5dfdce6,0,0,0,0,node scripts/test.js --env=jsdom
react-native-canvas,1659484286,1659484290,45ca7b6,0,0,0,0,node scripts/test.js --env=jsdom
J-I-C,1659484290,1659484302,9f8bcb6,0,0,0,0,echo \
3ree,1659484302,1659484305,d4c2f3c,0,0,1,1,./node_modules/karma/bin/karma start
screenshot-app,1659484305,1659484307,372d4ee,0,0,0,0,./node_modules/karma/bin/karma start
rethinkdbdash,1659484308,1659484313,7421553,0,0,1,0,mocha --check-leaks -t 20000
rc-bmap,1659484313,1659484328,e150d43,0,0,0,0,mocha --check-leaks -t 20000
cradle,1659484328,1659484332,1042ee4,0,0,0,0,node test/helpers/seed.js && vows --spec
react-materialize,1659484332,1659484348,ac5c6f0,1,0,0,0,npm run lint
aralejs.github.io,1659484349,1659484351,94f5520,0,0,0,0,npm run lint
lucky-draw,1659484351,1659484363,5e3fd59,0,0,0,0,npm run lint
node-argon2,1659484363,1659484366,fc7e0c5,0,0,1,0,nyc mocha test/test.js
privacy-redirect,1659484366,1659484378,cd35a73,0,0,0,0,web-ext lint --source-dir ./src/ || true
pinus,1659484379,1659484433,bdff8eb,0,0,1,0,lerna run mochatest
highway,1659484438,1659484444,c35718e,0,0,0,0,lerna run mochatest
3d.city,1659484444,1659484472,bfa46fa,0,0,0,0,lerna run mochatest
lazy-load-xt,1659484472,1659484476,f8a5b7d,0,0,0,0,grunt qunit
moxios,1659484476,1659484478,52e0d9b,0,0,1,1,karma start --single-run
reflexbox,1659484478,1659484480,76c8f1b,0,0,0,0,ava
react-native-credit-card-input,1659484481,1659484484,c731ce1,0,0,0,0,echo \
reverse-shell-generator,1659484484,1659484486,6dda01a,0,0,0,0,echo \
frontend,1659484486,1659484528,742b8edb,0,0,0,0,echo \
FastForward,1659484530,1659484540,4101474,0,0,0,0,echo \
The-cost-of-transpiling-es2015-in-2016,1659484541,1659484545,0e28e6f,0,0,0,0,echo \
cavy,1659484545,1659484550,bd82093,1,0,0,0,jest
jqBootstrapValidation,1659484550,1659484553,96fef5d,0,0,0,0,grunt travis --verbose
polyfill,1659484553,1659484557,716a3f3,0,0,0,0,grunt travis --verbose
wxapp-mall,1659484558,1659484560,dce708f,0,0,0,0,grunt travis --verbose
FullstackReactCode,1659484560,1659484568,380e5c9,0,0,0,0,grunt travis --verbose
pod,1659484569,1659484572,97a546c,0,0,1,0,mocha test/api.js -r jscoverage -R spec --slow 1250 --timeout 5000 && bash test/cli.sh
gatsby-starter-default,1659484572,1659484582,c051b6c,0,0,0,0,echo \
redux-pack,1659484582,1659484584,7818ffd,0,0,0,0,npm run lint
vscode-icons,1659484584,1659484679,13801ac,0,0,0,0,npm run lint
jsx-vue2,1659484680,1659484684,de293a3,0,0,0,0,lerna run test
tinytime,1659484685,1659484687,656cfc0,1,0,0,0,NODE_ENV=test flow && jest
mrm,1659484687,1659484706,4e1d4c8,1,0,0,0,npm run typecheck && npm run format
AnimateMate,1659484707,1659484718,75c3e8a,0,0,0,0,npm run typecheck && npm run format
fasy,1659484718,1659484720,92bcbe5,0,0,0,0,node scripts/node-tests.js
postleaf,1659484720,1659484725,c6a7936,0,0,0,0,node scripts/node-tests.js
dbox,1659484725,1659484729,f04ffa6,0,0,1,0,./node_modules/.bin/mocha -t 120000 test/all.js -R spec
easy-mock-cli,1659484729,1659484731,0d9d567,0,0,0,0,./node_modules/.bin/mocha -t 120000 test/all.js -R spec
kneden,1659484731,1659484735,b6f0668,0,0,1,0,npm run test:lint && npm run test:cov
jit-grunt,1659484736,1659484739,e37e865,0,0,1,0,^0.12.0
http2,1659484739,1659485177,734ad72e39,0,0,0,0,^0.12.0
drone,1659485225,1659485231,044d4be,0,0,0,0,node test.js
jsgif,1659485232,1659485240,8f57a8d,0,0,0,0,node test.js
derivablejs,1659485241,1659485245,f334daa,1,0,0,0,npm run build && jest --coverage && npm run lint
cordova-weinre,1659485245,1659485258,e7433e2,0,0,0,0,npm run build && jest --coverage && npm run lint
ThreeAudio.js,1659485259,1659485262,d3f6b5c,0,0,0,0,npm run build && jest --coverage && npm run lint
thunderbird,1659485262,1659485263,90a05d2,0,0,0,0,npm run build && jest --coverage && npm run lint
async-to-gen,1659485264,1659485266,87def0a,0,0,0,0,DIFF=$(./async-to-gen test/source.js | diff test/expected.js -); if [ -n \
PojoViz,1659485266,1659485272,80ae543,0,0,1,1,DIFF=$(./async-to-gen test/source.js | diff test/expected.js -); if [ -n \
node-apac,1659485273,1659485275,2936e8c,0,0,1,0,mocha lib/*.specs.js
jslider,1659485275,1659485277,696822f,0,0,0,0,mocha lib/*.specs.js
papery,1659485278,1659485279,830a7ef,0,0,1,0,mocha ./test/tests.js -R spec
kanban,1659485280,1659485295,0a2a880,0,0,0,0,mocha ./test/tests.js -R spec
django-mingus,1659485297,1659485314,c609980,0,0,0,0,mocha ./test/tests.js -R spec
RNParallax,1659485317,1659485319,d3afc26,0,0,0,0,echo \
agentkeepalive,1659485319,1659485322,d52822c,0,0,0,0,npm run lint && egg-bin test --full-trace
drizzle-legacy,1659485322,1659485326,b86f948,1,0,0,0,jest --notify --silent
jekyll-hook,1659485326,1659485328,2b00c71,0,0,0,0,jest --notify --silent
descartes,1659485328,1659485331,e3dce13,0,0,0,0,jest --notify --silent
Timeline,1659485331,1659485334,3e4b131,0,0,0,0,jest --notify --silent
flare,1659485334,1659485337,b39227b,0,1,0,1,jest --notify --silent
Gokotta,1659485337,1659485341,cc207a8,0,0,1,0,
selection-sharer,1659485341,1659485343,8f42dc9,0,0,0,0,
pogo-optimizer,1659485344,1659485356,1199d65,0,0,0,0,
DBGlass,1659485358,1659485365,4c552a0,0,0,1,0,cross-env NODE_ENV=test mocha --compilers js:babel-register --recursive --require ./test/setup.js test/**/*.spec.js
sewise-player,1659485365,1659485381,3d4bfe4,0,0,0,0,cross-env NODE_ENV=test mocha --compilers js:babel-register --recursive --require ./test/setup.js test/**/*.spec.js
connect-js,1659485382,1659485385,ab0ab8d,0,0,0,0,cross-env NODE_ENV=test mocha --compilers js:babel-register --recursive --require ./test/setup.js test/**/*.spec.js
node-hid,1659485385,1659485387,1bb251c,0,0,0,0,node src/test-ci.js
vanilla-masker,1659485387,1659485390,580f5f2,0,1,0,0,grunt test
sprite-cow,1659485390,1659485392,eab0a11,0,0,0,0,grunt test
jquery.sparkline,1659485392,1659485395,657f428,0,0,0,0,grunt test
doom-fire-algorithm,1659485395,1659485444,36b58ac,0,0,0,0,grunt test
configure-aws-credentials,1659485446,1659485459,58bb841,1,0,0,0,npm run lint && jest --coverage --verbose
blockbench,1659485460,1659485472,1386d9c,0,0,0,0,npm run lint && jest --coverage --verbose
susi_twitchbot,1659485473,1659485476,96d8328,0,0,0,0,npm run lint && jest --coverage --verbose
magic-mirror-demo,1659485477,1659485481,945df4a,0,0,0,0,echo \
machine-learning-surveys,1659485481,1659485483,1685cc2,0,0,0,0,echo \
blockchain-explorer,1659485483,1659485553,48ebe8e,0,0,1,0,nyc mocha
rifm,1659485555,1659485560,b51d843,1,0,0,0,eslint --ignore-path .gitignore ./ && flow check && yarn test:ts && yarn jest
stacksort,1659485560,1659485562,1da3f65,0,0,0,0,eslint --ignore-path .gitignore ./ && flow check && yarn test:ts && yarn jest
jquerypp,1659485562,1659485569,6bd2f14,0,0,0,0,grunt test --stack
iNoBounce,1659485570,1659485571,ec49324,0,0,0,0,grunt test --stack
workshop-generative-art,1659485571,1659485574,f3be34f,0,0,0,0,grunt test --stack
pageAccelerator,1659485575,1659485576,b0e8966,0,0,1,0,grunt test --stack
element-resize-detector,1659485576,1659485579,bae322e,0,1,0,1,grunt test
semantic-pull-requests,1659485579,1659485582,f4916f4,1,0,0,0,jest test/* && npm run lint
Photoshop-Export-Layers-to-Files-Fast,1659485582,1659485585,2c3e48f,0,0,0,0,jest test/* && npm run lint
lib-jitsi-meet,1659485585,1659485689,73bc6ba2,0,1,0,1,karma start karma.conf.js
kit,1659485691,1659485710,bd1e9d9,0,0,0,0,lerna run test
webmidi,1659485711,1659485742,bef14e09b,0,0,1,0,lerna run test
Mining-the-Social-Web,1659485742,1659485746,994a6d5,0,0,0,0,lerna run test
d3-tip,1659485746,1659485750,517b147,0,0,0,0,echo \
awesome-frontend-source-interpretation,1659485750,1659485827,43afc9afd,0,0,0,0,echo \
session.js,1659485828,1659485833,1bb9844,0,0,0,0,echo \
firebase-react-native-sample,1659485834,1659485836,43ea69d,0,0,0,0,echo \
intro-to-react,1659485837,1659485850,71babe6,0,0,0,0,react-scripts test --env=jsdom
robokitty,1659485851,1659485855,750b9c0,0,0,0,0,lab -v test
onScreen,1659485856,1659485859,5df9c85,0,0,1,1,karma start
smoothscroll-for-websites,1659485859,1659485861,7d13cd2,0,0,0,0,echo \
jquery-aim,1659485861,1659485864,dff1f13,0,0,0,0,echo \
tooling.report,1659485864,1659485909,b1807be,0,0,0,0,cd \
mcfly,1659485916,1659485918,7642c12,1,0,0,0,jest
DOMtastic,1659485919,1659485929,3c7fcb2,0,0,1,0,npm run bundle && mocha
shineout,1659485930,1659486005,624b5b9a,1,0,0,0,cross-env NODE_ENV=test jest --config jest.config.js
maizuo,1659486009,1659486019,34b018b,0,0,0,0,cross-env NODE_ENV=test jest --config jest.config.js
Rumpetroll,1659486020,1659486024,ad87d2d,0,0,0,0,cross-env NODE_ENV=test jest --config jest.config.js
nothing-to-hide,1659486024,1659486089,ab02e8c,0,0,0,0,cross-env NODE_ENV=test jest --config jest.config.js
tab-snooze,1659486094,1659486097,a064229,0,0,0,0,cross-env NODE_ENV=test jest --config jest.config.js
torii,1659486097,1659486104,8abbfe9,0,0,0,0,ember try:each
hangzhou-house-guide,1659486105,1659486109,696d307,0,0,0,0,ember try:each
react-loading,1659486109,1659486112,4982465,1,0,0,0,jest
adele,1659486112,1659486122,8f93337,1,0,0,0,jest
vue-vueRouter-webpack,1659486123,1659486125,d99fcff,0,0,0,0,jest
opsweekly,1659486126,1659486130,feee282,0,0,0,0,jest
SimpLESS,1659486131,1659486135,5dd3675,0,0,0,0,jest
aight,1659486135,1659486138,8e92a3b,0,0,0,0,watchy -w *.js,test -- npm run test:local
postcss-write-svg,1659486138,1659486139,6f04693,0,0,0,0,npm run lint && postcss-tape
nodepad,1659486140,1659486142,68357e7,0,0,1,0,npm run lint && postcss-tape
Leaflet.ChineseTmsProviders,1659486143,1659486144,bafcb9a,0,0,0,0,test
SmartMirror,1659486144,1659486150,5e95004,0,0,0,0,echo \
Mu,1659486150,1659486154,af46d19,0,0,0,0,echo \
js-lru,1659486154,1659486156,5373f60,0,0,0,0,node test.js && echo 'Verifying TypeScript definition...' && tsc --noEmit
accessible-autocomplete,1659486156,1659486164,a2e926f,0,0,1,1,cross-env NODE_ENV=test wdio test/wdio.config.js
React-Spreadsheet-Component,1659486164,1659486169,1980293,1,0,0,0,jest
rest-hapi,1659486169,1659486181,8f4019a,0,0,0,0,^2.3.0
supersized,1659486182,1659486185,d6ed282,0,0,0,0,^2.3.0
gushi_namer,1659486186,1659486188,d669168,0,0,0,0,^2.3.0
BootstrapFormHelpers,1659486188,1659486195,d6770e0,0,0,0,1,grunt test
nodejs-driver,1659486195,1659486207,d42176e,0,0,1,0,./node_modules/.bin/mocha test/unit -R spec -t 5000 --recursive
ncform,1659486208,1659486221,038fbad,0,0,0,0,lerna run test
ngImgCrop,1659486222,1659486226,585fd8c,0,0,0,0,lerna run test
react-in-patterns-cn,1659486226,1659486286,75a5c35,0,0,0,0,lerna run test
react-loops,1659486287,1659486289,18ee1a1,1,0,0,0,prettier --write *.{js,ts,flow} && jest --coverage --coverageReporters=text
react-virtualized-select,1659486289,1659486293,aa47a7f,0,1,0,1,npm run lint && npm run test:unit
eblog,1659486293,1659486302,59b60f4,0,0,0,0,npm run lint && npm run test:unit
opensource.builders,1659486303,1659486314,787bd36,0,0,0,0,npm run lint && npm run test:unit
450-DSA,1659486314,1659486318,6e72f3a,1,0,0,0,react-scripts test
Blob.js,1659486318,1659486320,9f7eb54,0,0,0,0,react-scripts test
api-mocker,1659486320,1659486326,603193f,0,0,0,0,react-scripts test
thinky,1659486327,1659486333,7f0eac3,0,0,1,0,mocha --check-leaks -t 20000
grpcc,1659486333,1659486335,5dc8f6f,0,0,1,0,mocha
ocr,1659486335,1659486344,c4d13d2,0,0,0,0,echo \
blockchain-cli,1659486344,1659486347,f9aab82,0,0,0,0,NODE_ENV=test ava --verbose
fabricator,1659486347,1659486350,a084889,0,0,0,0,eslint --fix . && npm run build
guide,1659486351,1659486381,94185c2,0,0,0,0,eslint --fix . && npm run build
markdown-resume,1659486384,1659486389,12425df,1,0,0,0,node scripts/test.js
tocbot,1659486390,1659486401,f17a582,0,0,1,0,npm run lint && mocha test/index.js
sentineljs,1659486402,1659486404,c3ff7d7,0,0,0,0,npm run lint && mocha test/index.js
webpack-serve,1659486404,1659486410,edaf28c,1,0,1,0,^3.1.0
eslint-config-cleanjs,1659486411,1659486414,c08cc69,0,0,0,0,^3.1.0
wwwbasic,1659486416,1659486419,c828361,0,0,0,0,./test/run-tests.sh
ndarray,1659486419,1659486421,58f5d8c,0,0,0,0,tape test/*.js
grunt-webfont,1659486421,1659486427,55114cc,0,0,0,0,grunt --stack
svg-mesh-3d,1659486427,1659486429,1f765b7,0,0,0,0,node test.js
react-native-button,1659486429,1659486432,8c75828,1,0,0,0,npm run lint && jest --verbose
fullpage,1659486433,1659486435,c5fd8e4,0,0,0,0,npm run lint && jest --verbose
npk,1659486435,1659486447,b0505a7,0,0,0,0,npm run lint && jest --verbose
React-Native-App,1659486449,1659486453,a1a5939,0,0,0,0,npm run lint && jest --verbose
ReactPrimer,1659486454,1659486461,2a0b835,1,0,0,0,jest
gulp-changed,1659486462,1659486464,610074a,0,0,0,0,xo && ava
mogo-chat,1659486464,1659486469,108c611,0,0,0,0,xo && ava
lie,1659486469,1659486478,eaf9fd8,0,0,1,0,npm run jshint && mocha -R nyan ./test/cover.js && tsc --noEmit ./test/types.ts
picogl.js,1659486478,1659486491,151ef6d,0,0,0,0,npm run lint && tsc && glcheck --coverage=false
react-native-sglistview,1659486492,1659486507,02cd538d,0,0,1,0,yarn config:enable:babelrc; ./node_modules/.bin/mocha || yarn config:disable:babelrc
redactor-js,1659486507,1659486509,ff22543,0,0,0,0,yarn config:enable:babelrc; ./node_modules/.bin/mocha || yarn config:disable:babelrc
vexchords,1659486510,1659486512,71592fc,0,0,0,0,yarn config:enable:babelrc; ./node_modules/.bin/mocha || yarn config:disable:babelrc
bloomfilter.js,1659486512,1659486514,649e43e,0,0,0,0,./node_modules/vows/bin/vows
frame,1659486514,1659486518,fd8ff56,0,0,0,0,lab -c -L
Scriptable,1659486518,1659486520,5a1727a,0,0,0,0,lab -c -L
malhar-angular-dashboard,1659486520,1659486524,774e69e,0,1,0,1,gulp test
hyperform,1659486525,1659486531,5624e61,0,0,1,1,jshint src && ava
react-canvas-draw,1659486532,1659486539,987d9fb,0,0,0,0,nwb test-react
sw-test,1659486540,1659486542,f5c319b,0,0,0,0,nwb test-react
webcomponents.github.io,1659486543,1659486584,84fcc7a,0,0,0,0,docpad generate --silent
prevent-smoosh,1659486586,1659486589,233c889,0,0,0,0,tape test.js
asteroid,1659486589,1659486592,7192311,0,0,1,0,env NODE_ENV=test env NODE_PATH=src _mocha --compilers js:babel-core/register --recursive test/e2e
react-komposer,1659486593,1659486595,03f45f1,0,0,1,0,npm run lint && npm run testonly
ircanywhere,1659486595,1659486603,c9239f8,0,0,1,0,gulp test
preset-modules,1659486605,1659486609,488d219,1,0,0,1,jest --watch
css-sprite,1659486610,1659486612,e1a1606,0,0,1,0,mocha --reporter spec
spirit,1659486612,1659486616,ba505d5,0,0,1,0,mocha
static-land,1659486616,1659486619,0c55c15,0,0,0,0,eslint . && lobot test
noodle,1659486619,1659486625,13014bb,0,0,1,0,echo \
jq-idealforms,1659486625,1659486626,36d1e47,0,0,0,0,echo \
javelin,1659486627,1659486630,5eb40ae,0,0,0,0,echo \
FastActive,1659486630,1659486631,9736792,0,0,0,0,echo \
mdconf,1659486632,1659486635,acc8f44,0,0,1,0,echo \
Sketch-Mate,1659486636,1659486642,fa0f20a,0,0,0,0,echo \
bouncy-ball,1659486642,1659486647,68d3971,0,0,0,0,stylelint site/css/*.css && eslint site/js/*.js
aws-iot-chat-example,1659486648,1659486652,dedb798,0,0,0,0,stylelint site/css/*.css && eslint site/js/*.js
Camera,1659486652,1659486657,6e76de1,0,0,0,0,stylelint site/css/*.css && eslint site/js/*.js
AndroidUIX,1659486657,1659486677,686261f,0,0,0,0,stylelint site/css/*.css && eslint site/js/*.js
meteor-collection-helpers,1659486678,1659486680,6603180,0,0,0,0,stylelint site/css/*.css && eslint site/js/*.js
js-segment-annotator,1659486680,1659486682,3f6e4be,0,0,0,0,stylelint site/css/*.css && eslint site/js/*.js
redux-api,1659486682,1659486687,e92b171,0,0,1,0,npm run eslint && npm run mocha && npm run yaspeller
Scorex,1659486688,1659486701,ca01f653,0,0,0,0,npm run eslint && npm run mocha && npm run yaspeller
backbone.syphon,1659486701,1659486704,63cc4d2,0,0,1,0,^0.13.2
redux-batched-subscribe,1659486705,1659486706,24efa85,0,0,1,0,mocha --compilers js:babel/register --recursive src/**/*-test.js
PageSlider,1659486706,1659486709,cd7b79b,0,0,0,0,mocha --compilers js:babel/register --recursive src/**/*-test.js
react-native-authentication,1659486709,1659486712,f1918a0,0,0,0,0,mocha --compilers js:babel/register --recursive src/**/*-test.js
wiretie,1659486713,1659486715,6fb0a10,0,0,1,0,npm-run-all -p lint test:unit
react-fa,1659486715,1659486717,de175f9,1,0,0,0,echo \
debowerify,1659486717,1659486720,7eeabf2,0,0,1,0,node_modules/.bin/mocha
Sentimental,1659486720,1659486722,50e6bfe,0,0,1,0,make test
kanso,1659486722,1659486730,2b0e74f,0,0,0,0,node_modules/nodeunit/bin/nodeunit test
Droptiles,1659486730,1659486736,2def8ec,0,0,0,0,node_modules/nodeunit/bin/nodeunit test
nickjs,1659486736,1659486739,e34961a,0,0,0,0,rm -fv tests/download/* && tape tests/runner.js | tap-spec
node-wordpress,1659486739,1659486741,381d33c,0,0,0,0,jshint lib/*
react-bash,1659486741,1659486743,d759060,0,0,1,0,cross-env BABEL_ENV=commonjs mocha --compilers js:babel-core/register --reporter spec tests/*.js
angularjs-pdf,1659486743,1659486750,24a581b,0,1,0,1,karma start
WebGLBook,1659486750,1659486812,71c66a1,0,0,0,0,karma start
cs-playground-react,1659486813,1659486817,e978dd3,0,0,0,0,yarn run pre-deploy && cd build && surge --domain questionable-number.surge.sh && cd ..
parallelshell,1659486817,1659486819,23a5351,0,0,1,0,mocha
glam,1659486819,1659486822,9fdabd4,1,0,0,0,jest
vue-develop-template,1659486822,1659486824,4595d51,0,0,0,0,jest
Qatrix,1659486824,1659486825,760a563,0,0,0,0,jest
skywriter,1659486825,1659486837,ccb9e765,0,0,0,0,jest
react-fastclick,1659486838,1659486839,7f4ba25,0,0,1,0,npm run lint-src && npm run lint-tests && npm run mocha
WebSight,1659486839,1659486843,ae2e133,0,0,0,0,npm run lint-src && npm run lint-tests && npm run mocha
precommit-hook,1659486843,1659486845,a1d7d15,0,0,0,0,npm run lint-src && npm run lint-tests && npm run mocha
grunt-contrib,1659486845,1659486848,5933f84,0,1,0,0,npm run lint-src && npm run lint-tests && npm run mocha
btcrobot,1659486848,1659486855,84bb51a,0,0,0,0,npm run lint-src && npm run lint-tests && npm run mocha
moxie,1659486855,1659486865,09eaf57,0,0,0,0,jake test
treehugger,1659486865,1659486867,30a335b,0,0,0,0,node lib/treehugger/js/parse_test.js
WeApp,1659486867,1659486877,2551d9b,0,0,0,0,node lib/treehugger/js/parse_test.js
ocanvas,1659486877,1659486881,d5609a4,0,0,0,0,node lib/treehugger/js/parse_test.js
angular-w5c-validator,1659486881,1659486886,f0c4d51,0,0,0,0,node lib/treehugger/js/parse_test.js
Dynamic-Carousel,1659486886,1659486887,f932f64,0,0,0,0,node lib/treehugger/js/parse_test.js
termcoin,1659486888,1659486890,f0c51f7,0,0,0,0,test
Electrometeor,1659486891,1659486893,276db2b,0,0,0,0,test
whenipress,1659486893,1659486895,294b7f1,1,0,0,0,jest
AngularFundamentalsFiles,1659486895,1659486897,0b3a564,0,0,0,0,jest
sample_app_rails_4,1659486898,1659486901,fd4f6f5,0,0,0,0,jest
unio,1659486901,1659486908,133d6ee,0,0,1,0,./node_modules/.bin/mocha -R spec -t 15s --recursive
nucleus,1659486909,1659486912,4baca85,0,0,1,0,./node_modules/istanbul/lib/cli.js cover _mocha
fancy-zoom,1659486912,1659486914,5c61ae3,0,0,0,0,./node_modules/istanbul/lib/cli.js cover _mocha
redux-responsive,1659486914,1659486916,a546003,1,0,1,0,NODE_ENV=test jest
ignite-andross,1659486916,1659486921,c0836e7,1,1,0,0,yarn test
checkbox.css,1659486921,1659486923,1874914,0,0,0,0,yarn test
Smooth-Div-Scroll,1659486923,1659486925,fe7b2b9,0,0,0,0,yarn test
easywebpack,1659486926,1659486934,993eaa4,0,0,0,0,lerna run test
focused_controller,1659486935,1659486937,92a7330,0,0,0,0,lerna run test
drakov,1659486938,1659486941,779877b,0,0,1,0,^3.0.0
Squire.js,1659486941,1659486943,157a08d,0,0,1,0,^3.0.0
git-commander,1659486943,1659486945,c091ad4,0,0,0,0,echo \
iSparta,1659486946,1659486967,03c7a57,0,0,0,0,echo \
full-page-screen-capture-chrome-extension,1659486968,1659486970,23670f2,0,0,0,0,echo \
lock,1659486970,1659487027,7c9239e7,1,0,1,1,jest --coverage --runInBand
react-native-really-awesome-button,1659487028,1659487032,b8c856d,1,0,0,0,jest
bankai,1659487032,1659487037,9a1adf8,0,0,0,0,standard && node test
eslint-plugin-flowtype,1659487037,1659487044,449cb99,0,0,1,0,mocha --require @babel/register ./tests/rules/index.js
conditionizr,1659487044,1659487047,01bfa3b,0,1,0,1,mocha --require @babel/register ./tests/rules/index.js
react-treeview,1659487047,1659487049,6e9eacf,0,0,0,0,mocha --require @babel/register ./tests/rules/index.js
helpjs-ravi,1659487049,1659487051,173889f,0,0,0,0,mocha --require @babel/register ./tests/rules/index.js
spy-js,1659487051,1659487053,1d7236d,0,0,0,0,mocha --require @babel/register ./tests/rules/index.js
holla,1659487053,1659487055,2eec008,0,0,0,0,mocha --require @babel/register ./tests/rules/index.js
s3-lambda,1659487056,1659487059,79e04b2,0,0,0,0,node test
treesaver,1659487059,1659487068,2d5e8ee,0,0,0,0,node test
redux-little-router,1659487068,1659487074,ba8a88a,0,0,1,0,BABEL_ENV=commonjs mocha test/.setup.js 'test/**/*.spec.js'
conditioner,1659487074,1659487079,ad4f2c4,0,0,0,0,echo \
HTML5_Genetic_Cars,1659487079,1659487081,f3e9ce5,0,0,0,0,echo \
kerning.js,1659487082,1659487083,3836160,0,0,0,0,echo \
onedrive-cf-index,1659487083,1659487085,7de3adf,0,0,0,0,echo \
lyadmin,1659487085,1659487118,4d4a48e,0,0,0,0,echo \
nodejs-reference-architecture,1659487122,1659487125,2ddc1c5,0,0,0,0,echo \
CursedChrome,1659487125,1659487128,17b0031,0,0,0,0,echo \
grpc-experiments,1659487129,1659487133,2ec1d0a,0,0,0,0,echo \
pancake,1659487133,1659487136,70c153e,0,0,0,0,echo \
Confess-Crush,1659487136,1659487142,8de0d31,0,0,0,0,echo \
emblem.js,1659487142,1659487147,219d893,0,0,0,0,ember test
homebridge-mi-aqara,1659487147,1659487151,3f1da69,0,0,0,0,ember test
express-admin,1659487152,1659487156,5218700,0,0,1,0,make test
threejsfundamentals,1659487156,1659487403,e6fe8df9,0,0,0,0,check-all-the-errors --follow-links=both --output=threejsfundamentals.check.json out \
js.js,1659487423,1659487461,e4994e4,0,0,0,0,check-all-the-errors --follow-links=both --output=threejsfundamentals.check.json out \
marauders-map,1659487462,1659487464,3e2bcd3,0,0,0,0,check-all-the-errors --follow-links=both --output=threejsfundamentals.check.json out \
grunt-angular-templates,1659487464,1659487469,f590764,0,0,0,0,./node_modules/.bin/grunt
vue-sortable,1659487469,1659487471,7985fcd,0,1,0,1,karma start karma.conf.js
connect-roles,1659487471,1659487473,f85753f,0,0,1,0,mocha -R spec
react-native-photo-browser,1659487473,1659487476,568e306,0,0,0,0,mocha -R spec
grunt-contrib-jshint,1659487477,1659487479,acc66b6,0,0,0,0,grunt test
web-animations-js-legacy,1659487479,1659487488,6a1c454,0,0,0,0,grunt test
react-native-tabs,1659487489,1659487491,7771f1f,0,0,0,0,echo \
SelectPage,1659487491,1659487493,3aa8e20,0,0,0,0,grunt eslint
trunk8,1659487493,1659487494,3e42627,0,0,0,0,echo \
hyperquest,1659487494,1659487496,8ed7ed7,0,0,0,0,tape test/*.js
know-it-all,1659487496,1659487499,36e568f,0,0,0,0,^6.16.0
demeteorizer,1659487499,1659487502,2581c3f,0,0,0,0,lab --threshold 100
backbone.modelbinding,1659487502,1659487505,ca30d81,0,0,0,0,lab --threshold 100
CardKit,1659487505,1659487509,c7ed56f,0,0,0,0,lab --threshold 100
Weibo-Picture-Store,1659487509,1659487516,1177195,0,0,0,0,lab --threshold 100
ray-optics,1659487516,1659487518,be7e7a8,0,0,0,0,lab --threshold 100
elementQuery,1659487519,1659487521,f3e328c,0,0,0,0,lab --threshold 100
explorer,1659487521,1659487532,064134c,0,1,0,0,node ./node_modules/jasmine/bin/jasmine.js
randao,1659487534,1659487536,53f04cd,0,0,0,0,node ./node_modules/jasmine/bin/jasmine.js
Sparta,1659487536,1659487628,bcda2dc6,0,0,0,0,node ./node_modules/jasmine/bin/jasmine.js
array,1659487632,1659487634,3037e9a,0,0,1,0,make test
js-combinatorics,1659487634,1659487636,6d14260,0,0,1,0,make clean && make test
Sketch-Find-And-Replace,1659487636,1659487642,bf97a06,0,0,0,0,make clean && make test
vogels,1659487642,1659487644,3e6747c,0,0,1,0,make test
cordova-plugin-file,1659487644,1659487651,025710d,0,0,0,0,npm run lint
dasher,1659487651,1659487652,e5e7a92,0,0,0,0,npm run lint
adminjs,1659487653,1659487656,8579078,0,0,0,1,grunt build:debug test:ci
elasticsearch-inquisitor,1659487657,1659487659,005f819,0,0,0,0,grunt build:debug test:ci
koa-views,1659487659,1659487662,e7b8e4d,0,0,1,0,^3.0.0
cssbeautify,1659487662,1659487664,4a1f5d8,0,0,0,0,node test/runner.js
jquery.complexify.js,1659487664,1659487665,002bd59,0,0,0,0,node test/runner.js
Layx,1659487665,1659487667,4d9e20b,0,0,0,0,node test/runner.js
vue-spa-template,1659487668,1659487670,1eabfbb,0,0,1,1,npm run unit && npm run e2e
audiolib.js,1659487670,1659487673,12664f8,0,0,0,0,npm run unit && npm run e2e
react-starterify,1659487674,1659487676,8fb0eb2,0,0,0,0,ava --tap | tap-nyan
insignia,1659487676,1659487678,5367b55,0,0,0,0,ava --tap | tap-nyan
Whose-gene-is-it-anyway,1659487678,1659487681,7ca9ebd,0,0,0,0,ava --tap | tap-nyan
JVFloat.js,1659487682,1659487683,e8569fb,0,0,0,0,ava --tap | tap-nyan
JavaScriptTraining,1659487683,1659487686,0745140,0,0,0,0,ava --tap | tap-nyan
riju,1659487686,1659487692,edc07ac,0,0,0,0,ava --tap | tap-nyan
multithread.js,1659487693,1659487696,7afd43b,0,0,0,0,ava --tap | tap-nyan
slinky,1659487696,1659487698,9e8d066,0,0,0,0,ava --tap | tap-nyan
react-native-typescript-transformer,1659487698,1659487700,369a457,1,0,0,0,jest
angular-localForage,1659487700,1659487703,00b3116,0,1,0,1,karma start ./karma.conf.js --browsers=\
ng-stats,1659487703,1659487705,496593c,0,0,1,1,COVERAGE=true NODE_ENV=test karma start
Flocking,1659487705,1659487723,0b023ea,0,0,0,0,node_modules/.bin/testem ci --file tests/unit/testem.json
compass-html5-boilerplate,1659487724,1659487726,8524a4d,0,0,0,0,node_modules/.bin/testem ci --file tests/unit/testem.json
postMessage-tracker,1659487726,1659487729,4a531d9,0,0,0,0,node_modules/.bin/testem ci --file tests/unit/testem.json
github-widget,1659487729,1659487730,57ac715,0,0,0,0,echo \
trolol,1659487731,1659487733,256c328,0,0,0,0,echo \
next-compose-plugins,1659487733,1659487735,d81db51,1,0,0,0,jest --coverage lib
webpack-simple-starter,1659487735,1659487737,764ebea,0,0,0,0,echo \
crossorigin.me,1659487737,1659487741,bdf5fb8,0,0,1,0,2.0.1
elastic.js,1659487741,1659487746,b29b7d2,0,0,0,0,grunt nodeunit
angular-google-analytics,1659487746,1659487749,ee5c494,0,1,0,1,karma start test/karma.conf.js --single-run --browsers Chrome
react-bluekit,1659487749,1659487753,6f56991,0,0,1,0,mocha --compilers js:babel/register --recursive
react-native-popover,1659487754,1659487755,8a443d2,0,0,0,0,mocha --compilers js:babel/register --recursive
data,1659487756,1659487760,35624a2,0,0,1,0,mocha -R spec tests/run.js
gem,1659487760,1659487763,405b46e,0,0,0,0,echo \
frank,1659487763,1659487767,d7b0c91,0,0,0,0,echo \
home-assistant-config,1659487768,1659487777,9a66e4e,0,0,0,0,echo \
DBGlass,1659487778,1659487783,4c552a0,0,0,1,0,cross-env NODE_ENV=test mocha --compilers js:babel-register --recursive --require ./test/setup.js test/**/*.spec.js
tailwind-dashboard-template,1659487783,1659487785,aa545da,0,0,0,0,cross-env NODE_ENV=test mocha --compilers js:babel-register --recursive --require ./test/setup.js test/**/*.spec.js
react-switch,1659487786,1659487788,206e66d,1,0,0,0,jest
sewise-player,1659487788,1659487803,3d4bfe4,0,0,0,0,jest
node-website-scraper,1659487803,1659487809,07c4c02,0,0,1,0,c8 --all --reporter=text --reporter=lcov mocha --recursive --timeout 7000 ./test/unit/ ./test/functional
connect-js,1659487810,1659487812,ab0ab8d,0,0,0,0,c8 --all --reporter=text --reporter=lcov mocha --recursive --timeout 7000 ./test/unit/ ./test/functional
node-hid,1659487813,1659487815,1bb251c,0,0,0,0,node src/test-ci.js
echarts-wordcloud,1659487815,1659487818,9c2572d,0,0,0,0,node src/test-ci.js
vanilla-masker,1659487818,1659487821,580f5f2,0,1,0,0,grunt test
watch,1659487821,1659487823,8ea1f83,0,0,0,0,grunt test
phaser-ce,1659487823,1659487936,1af938320,0,0,0,0,npm run test:src; npm run test:ts
jquery.sparkline,1659487940,1659487942,657f428,0,0,0,0,npm run test:src; npm run test:ts
doom-fire-algorithm,1659487942,1659487985,36b58ac,0,0,0,0,npm run test:src; npm run test:ts
jquery.mb.YTPlayer,1659487987,1659488000,6fc1ce6,0,0,0,0,echo \
configure-aws-credentials,1659488000,1659488012,67fbcbb,1,0,0,0,npm run lint && jest --coverage --verbose
blockbench,1659488012,1659488024,1386d9c,0,0,0,0,npm run lint && jest --coverage --verbose
susi_twitchbot,1659488024,1659488027,96d8328,0,0,0,0,npm run lint && jest --coverage --verbose
magic-mirror-demo,1659488028,1659488032,945df4a,0,0,0,0,echo \
machine-learning-surveys,1659488032,1659488033,1685cc2,0,0,0,0,echo \
blockchain-explorer,1659488033,1659488084,48ebe8e,0,0,1,0,nyc mocha
rifm,1659488085,1659488091,b51d843,1,0,0,0,eslint --ignore-path .gitignore ./ && flow check && yarn test:ts && yarn jest
stacksort,1659488091,1659488093,1da3f65,0,0,0,0,eslint --ignore-path .gitignore ./ && flow check && yarn test:ts && yarn jest
example-projects,1659488093,1659488125,e1be50ed,0,0,0,0,eslint --ignore-path .gitignore ./ && flow check && yarn test:ts && yarn jest
jquerypp,1659488127,1659488134,6bd2f14,0,0,0,0,grunt test --stack
superframe,1659488135,1659488264,59f997f,0,0,0,0,grunt test --stack
iNoBounce,1659488270,1659488273,ec49324,0,0,0,0,grunt test --stack
react-admin-master,1659488273,1659488281,8d5f4c3,1,0,0,0,node scripts/test.js --env=jsdom
workshop-generative-art,1659488282,1659488285,f3be34f,0,0,0,0,node scripts/test.js --env=jsdom
