airtable.js,3f6adc1,17,1,1,2,0,0,16,18,3
fzf-for-js,08d10cd,4,0,0,0,0,0,4,4,0
react-slick,c3e1684,15,94,4,14,2,5,0,21,113
react-native-router-flux,b6e8e71,1,0,0,0,0,0,1,1,0
vuera,3ea31d3,0,0,8,47,0,0,0,8,47
tiny-invariant,31cf8fb,0,0,4,10,0,0,0,4,10
algoliasearch-client-javascript,100d1802,71,9,44,191,0,0,68,115,200
docsearch,c86e319,1,0,0,0,0,0,1,1,0
instantsearch.js,cf738b50,,,,,,,,,
ali-react-table,847cc65,1,0,0,0,0,0,1,1,0
anyproxy,b93f948,6,34,3,8,0,0,0,9,42
designable,3e961de,,,,,,,,,
ice,a27620d3,,,,,,,,,
lowcode-engine,33c7948,94,0,0,0,0,0,94,94,0
rax,f70ffb52,27,8,31,261,0,0,26,58,269
gatsby-starter-lumen,ba3d8b7,27,0,0,0,0,0,27,27,0
react-credit-cards,218a7eb,0,0,1,30,0,0,0,1,30
react-native-actions-sheet,d0af034,1,0,0,0,0,0,1,1,0
react-native-mmkv-storage,c05e3b3,1,0,0,0,0,0,1,1,0
style-dictionary,3b520d2,12,13,64,490,0,0,7,76,503
react-textarea-autosize,cd87f81,0,0,1,2,0,0,0,1,2
react-mde,cae3ee2,,,,,,,,,
ui-router,505e7fb,0,0,14,477,0,4,0,14,481
ant-design,2255dbada6,362,0,0,0,0,0,362,362,0
ant-design-icons,42c18e98,12,0,0,0,0,0,12,12,0
unplugin-auto-import,7345429,2,0,0,0,0,0,2,2,0
unplugin-icons,8353b87,1,0,0,0,0,0,1,1,0
unplugin-vue-components,88fbdb1,5,0,0,0,0,0,5,5,0
react-google-login,7db5b96,0,0,2,48,0,0,0,2,48
vue-advanced-chat,12e9885,0,0,1,1,0,0,0,1,1
AVA,8856ca3c,31,0,15,48,0,0,31,46,48