package,commitNum,numFailedTestSuites,numFailedTests,numPassedTestSuites,numPassedTests,numPendingTestSuites,numPendingTests,numRuntimeErrorTestSuites,numTotalTestSuites,numTotalTests
react-native-step-indicator,1df202c,0,0,1,0,0,0,0,1,1
graphdoc,8be9dbf,0,0,12,37,0,0,0,12,37
found,83843aa,16,0,0,0,0,0,16,16,0
accounts,ff983b8f,77,0,0,0,0,0,77,77,0
recompose,0394744,42,0,0,0,0,0,42,42,0
node-resque,97ae933,14,0,0,0,0,0,14,14,0
javascript-action,c06df86,0,0,1,3,0,0,0,1,3
react-data-grid,3c730d00,0,0,25,123,0,1,0,25,124
Baileys,33851cd,3,0,0,0,0,0,3,3,0
puppeteer-heap-snapshot,2e30c5d,2,0,0,0,0,0,2,2,0
offix,8b8a475c,10,0,0,0,0,0,10,10,0
envalid,013cb28,5,0,0,0,0,0,5,5,0
phone,452754f,2,0,0,0,0,0,2,2,0
react-pdf-highlighter,1d1c768,,,,,,,,,
ag-grid,93e777c943,,,,,,,,,
playground,1559f81,2,0,0,0,0,0,2,2,0
react-native-geolocation-service,c0639d0,,,,,,,,,
react-sketchapp,b238e69,5,1,17,95,0,0,4,22,98
airtable.js,3f6adc1,17,1,1,2,0,0,16,18,3
fzf-for-js,08d10cd,4,0,0,0,0,0,4,4,0
react-slick,c3e1684,15,94,4,14,2,5,0,21,113
react-native-router-flux,b6e8e71,1,0,0,0,0,0,1,1,0
vuera,3ea31d3,0,0,8,47,0,0,0,8,47
tiny-invariant,31cf8fb,0,0,4,10,0,0,0,4,10
algoliasearch-client-javascript,100d1802,71,9,44,191,0,0,68,115,200
docsearch,c86e319,1,0,0,0,0,0,1,1,0
instantsearch.js,cf738b50,,,,,,,,,
ali-react-table,847cc65,1,0,0,0,0,0,1,1,0
anyproxy,b93f948,6,34,3,8,0,0,0,9,42
designable,3e961de,,,,,,,,,
ice,a27620d3,,,,,,,,,
lowcode-engine,33c7948,94,0,0,0,0,0,94,94,0
rax,f70ffb52,27,8,31,261,0,0,26,58,269
gatsby-starter-lumen,ba3d8b7,27,0,0,0,0,0,27,27,0
react-credit-cards,218a7eb,0,0,1,30,0,0,0,1,30
react-native-actions-sheet,d0af034,1,0,0,0,0,0,1,1,0
react-native-mmkv-storage,c05e3b3,1,0,0,0,0,0,1,1,0
style-dictionary,3b520d2,12,13,64,490,0,0,7,76,503
react-textarea-autosize,cd87f81,0,0,1,2,0,0,0,1,2
react-mde,cae3ee2,,,,,,,,,
ui-router,505e7fb,0,0,14,477,0,4,0,14,481
ant-design,2255dbada6,362,0,0,0,0,0,362,362,0
ant-design-icons,42c18e98,12,0,0,0,0,0,12,12,0
