package,start,end,commitNum,numFailedTestSuites,numFailedTests,numPassedTestSuites,numPassedTests,numPendingTestSuites,numPendingTests,numRuntimeErrorTestSuites,numTotalTestSuites,numTotalTests,"Category (G all Pass, P some Pass, F all Fail, R Runtime)",Column1,Column2,Column3
adele,1661349147,1661349554,8f93337,1,1,19,31,0,0,0,20,32,P,0,1,FALSE
fzf-for-js,,,08d10cd,4,0,0,0,0,0,4,4,0,R,1,0,FALSE
airtable.js,,,3f6adc1,17,1,1,2,0,0,16,18,3,P,0,1,FALSE
react-native-router-flux,,,b6e8e71,1,0,0,0,0,0,1,1,0,R,1,0,FALSE
algoliasearch-client-javascript,,,100d1802,71,9,44,191,0,0,68,115,200,P,0,1,FALSE
docsearch,,,c86e319,1,0,0,0,0,0,1,1,0,R,1,0,FALSE
ali-react-table,,,847cc65,1,0,0,0,0,0,1,1,0,R,1,0,FALSE
anyproxy,,,b93f948,6,34,3,8,0,0,0,9,42,P,0,1,FALSE
lowcode-engine,,,33c7948,94,0,0,0,0,0,94,94,0,R,1,0,FALSE
gatsby-starter-lumen,,,ba3d8b7,27,0,0,0,0,0,27,27,0,R,1,0,FALSE
apify-js,1658167485,1658168196,c253985e,44,142,3,30,0,0,39,47,172,S,0,1,FALSE
react-native-actions-sheet,,,d0af034,1,0,0,0,0,0,1,1,0,R,1,0,FALSE
react-native-mmkv-storage,,,c05e3b3,1,0,0,0,0,0,1,1,0,R,1,0,FALSE
apollo-cache-persist,1658168251,1658168613,eded0ff,0,0,4,14,0,4,0,4,18,P,0,1,FALSE
apollo-client-devtools,1658168953,1658169552,b80e4d7,0,0,16,57,0,2,0,16,59,P,0,1,FALSE
AVA,,,8856ca3c,31,0,15,48,0,0,31,46,48,G,1,1,TRUE
ant-design,,,2255dbada6,362,0,0,0,0,0,362,362,0,R,1,0,FALSE
ant-design-icons,,,42c18e98,12,0,0,0,0,0,12,12,0,R,1,0,FALSE
unplugin-auto-import,,,7345429,2,0,0,0,0,0,2,2,0,R,1,0,FALSE
unplugin-icons,,,8353b87,1,0,0,0,0,0,1,1,0,R,1,0,FALSE
unplugin-vue-components,,,88fbdb1,5,0,0,0,0,0,5,5,0,R,1,0,FALSE
aws-cdk,1658180806,1658184035,f7f23a7f4,997,0,4,37,0,0,997,1001,37,S,1,1,TRUE
cavy,1661349800,1661349873,bd82093,0,0,1,4,0,0,0,1,4,G,1,1,TRUE
configure-aws-credentials,1661349960,1661350041,67fbcbb,0,0,2,33,0,0,0,2,33,G,1,1,TRUE
create-component-app,1661350068,1661350232,67ae259,0,0,14,66,0,0,0,14,66,G,1,1,TRUE
derivablejs,1661350248,1661350406,f334daa,0,0,10,77,0,0,0,10,77,G,1,1,TRUE
dext,1661350434,1661350897,50713d8,0,0,13,52,0,0,0,13,52,G,1,1,TRUE
facepaint,1661351047,1661351243,a0166db,0,0,2,21,0,0,0,2,21,G,1,1,TRUE
fresnel,1658172057,1658172345,291b970,0,0,3,42,0,3,0,3,45,P,0,1,FALSE
glam,1661355113,1661355300,9fdabd4,1,0,4,4,1,1,1,6,5,P,0,1,FALSE
graphdoc,,,8be9dbf,0,0,12,37,0,0,0,12,37,G,1,1,TRUE
javascript-action,,,c06df86,0,0,1,3,0,0,0,1,3,G,1,1,TRUE
jetpack,1658179787,1658180121,aace19cbd8,74,1,3,38,0,0,73,77,39,S,0,1,FALSE
lock,1658178095,1658178793,48bbe7cc,0,0,61,383,0,0,0,61,383,G,1,1,TRUE
react-base-table,1658179342,1658179745,f5dd5bbd,1,21,0,1,0,0,0,1,22,F,0,1,FALSE
lock,1661355772,1661356414,18391c35,0,0,61,383,0,0,0,61,383,G,1,1,TRUE
mathlive,1658171375,1658171565,38a6fa52,0,0,3,275,0,0,0,3,275,G,1,1,TRUE
next-compose-plugins,1661356825,1661357027,d81db51,0,0,8,54,0,0,0,8,54,G,1,1,TRUE
echarts,1658166548,1658166883,add11459e,21,0,0,0,0,0,21,21,0,R,1,0,FALSE
apexcharts.js,1658167118,1658167458,a461f8de,27,0,0,0,0,0,27,27,0,R,1,0,FALSE
apollo-client,1658168657,1658168931,46897eb3e,116,0,0,0,0,0,116,116,0,R,1,0,FALSE
apollo-link-rest,1658169619,1658169945,cde5f56,1,0,0,0,0,0,1,1,0,R,1,0,FALSE
arco-design-vue,1658170347,1658170613,163a2750,116,0,0,0,0,0,116,116,0,R,1,0,FALSE
react-horizontal-scrolling-menu,1658172381,1658172854,42e1ff4,15,0,0,0,0,0,15,15,0,R,1,0,FALSE
auth0-spa-js,1658177279,1658178028,963bcfc,26,0,0,0,0,0,26,26,0,R,1,0,FALSE
wp-calypso,1658180140,1658180774,014e9ba18b,41,0,0,0,0,0,41,41,0,R,1,0,FALSE
pivotal-ui,1661357114,1661357732,65f68b4d,0,0,58,1057,0,0,0,58,1057,G,1,1,TRUE
preset-modules,1661357770,1661358087,488d219,1,6,5,55,0,0,0,6,61,P,0,1,FALSE
proxymise,1661358120,1661358272,d23e0a3,3,5,5,18,0,0,0,8,23,P,0,1,FALSE
react-native-step-indicator,,,1df202c,0,0,1,0,0,0,0,1,1,R,0,0,FALSE
rax,,,f70ffb52,27,8,31,261,0,0,26,58,269,P,0,1,FALSE
found,,,83843aa,16,0,0,0,0,0,16,16,0,R,1,0,FALSE
accounts,,,ff983b8f,77,0,0,0,0,0,77,77,0,R,1,0,FALSE
recompose,,,394744,42,0,0,0,0,0,42,42,0,R,1,0,FALSE
node-resque,,,97ae933,14,0,0,0,0,0,14,14,0,R,1,0,FALSE
react-beautiful-dnd,1658173793,1658175992,ed57ed6a,1,2,237,1229,0,0,0,238,1231,P,0,1,FALSE
Baileys,,,33851cd,3,0,0,0,0,0,3,3,0,R,1,0,FALSE
puppeteer-heap-snapshot,,,2e30c5d,2,0,0,0,0,0,2,2,0,R,1,0,FALSE
offix,,,8b8a475c,10,0,0,0,0,0,10,10,0,R,1,0,FALSE
envalid,,,013cb28,5,0,0,0,0,0,5,5,0,R,1,0,FALSE
phone,,,452754f,2,0,0,0,0,0,2,2,0,R,1,0,FALSE
playground,,,1559f81,2,0,0,0,0,0,2,2,0,R,1,0,FALSE
react-credit-cards,,,218a7eb,0,0,1,30,0,0,0,1,30,G,1,1,TRUE
react-data-grid,,,3c730d00,0,0,25,123,0,1,0,25,124,P,0,1,FALSE
react-datetime,1658171591,1658172003,8071a79,2,26,1,121,0,2,0,3,149,P,0,1,FALSE
react-google-login,,,7db5b96,0,0,2,48,0,0,0,2,48,G,1,1,TRUE
react-kanban,1658172917,1658173721,9e0c9c8,0,0,14,212,0,0,0,14,212,G,1,1,TRUE
react-loading,1661359397,1661359596,4982465,0,0,1,8,0,0,0,1,8,G,1,1,TRUE
react-loops,1661359619,1661359747,18ee1a1,0,0,1,28,0,0,0,1,28,G,1,1,TRUE
react-native-really-awesome-button,1661360568,1661360756,b8c856d,0,0,1,10,0,0,0,1,10,G,1,1,TRUE
react-native-typescript-transformer,1661361031,1661361224,369a457,0,0,2,20,0,0,0,2,20,G,1,1,TRUE
ReactPrimer,1661361252,1661361568,2a0b835,0,0,2,12,1,1,0,3,13,P,0,1,FALSE
react-recaptcha,1658169989,1658170196,50d7246,0,0,1,12,0,0,0,1,12,G,1,1,TRUE
react-sketchapp,,,b238e69,5,1,17,95,0,0,4,22,98,P,0,1,FALSE
ChromeWebLab,1661349883,1661349951,60f964b,1,0,0,0,0,0,1,1,0,R,1,0,FALSE
react-slick,,,c3e1684,15,94,4,14,2,5,0,21,113,P,0,1,FALSE
React-Spreadsheet-Component,1661361606,1661361800,1980293,0,0,4,9,0,0,0,4,9,G,1,1,TRUE
react-stdio,1661361827,1661361973,6948925,0,0,1,4,0,0,0,1,4,G,1,1,TRUE
drizzle-legacy,1661350950,1661351011,b86f948,10,0,0,0,0,0,10,10,0,R,1,0,FALSE
react-textarea-autosize,,,cd87f81,0,0,1,2,0,0,0,1,2,G,1,1,TRUE
GitterMobile,1661354793,1661355079,8feb4b3,2,0,0,0,0,0,2,2,0,R,1,0,FALSE
redux-responsive,1661362138,1661362400,a546003,0,0,6,36,0,1,0,6,37,P,0,1,FALSE
micro-analytics-cli,1661356670,1661356795,65a2f30,10,0,0,0,0,0,10,10,0,R,1,0,FALSE
redux-ship,1661362427,1661362608,2364ace,0,0,1,7,0,0,0,1,7,G,1,1,TRUE
rifm,1661362630,1661363012,b51d843,0,0,4,22,0,0,0,4,22,G,1,1,TRUE
semantic-pull-requests,1661363067,1661363249,f4916f4,0,0,2,41,0,0,0,2,41,G,1,1,TRUE
shineout,1661363303,1661365136,bf446301,1,1,128,754,0,0,0,129,755,P,0,1,FALSE
pxview,1661358288,1661358838,583e9a0,1,0,0,0,0,0,1,1,0,R,1,0,FALSE
react-contextual,1661358986,1661359176,2f4bec2,6,0,0,0,0,0,6,6,0,R,1,0,FALSE
React-Dropzone-Component,1661359203,1661359376,78677ed,2,0,0,0,0,0,2,2,0,R,1,0,FALSE
style-dictionary,,,3b520d2,12,13,64,490,0,0,7,76,503,P,0,1,FALSE
react-native-button,1661359776,1661359933,8c75828,1,0,0,0,0,0,1,1,0,R,1,0,FALSE
react-native-dva-starter,1661359957,1661360244,062852d,2,0,0,0,0,0,2,2,0,R,1,0,FALSE
table-dragger,1661398823,1661399074,1dcbed9,2,2,0,6,0,0,0,2,8,P,0,1,FALSE
tiny-invariant,,,31cf8fb,0,0,4,10,0,0,0,4,10,G,1,1,TRUE
tinytime,1661399122,1661399287,656cfc0,0,0,1,17,0,0,0,1,17,G,1,1,TRUE
tippyjs-react,1658176761,1658177226,2699f04,0,0,3,37,0,0,0,3,37,G,1,1,TRUE
react-switch,1661361988,1661361997,206e66d,3,0,0,0,0,0,3,3,0,R,1,0,FALSE
react-tdd-guide,1661361997,1661362117,0f36f2f,4,0,0,0,0,0,4,4,0,R,1,0,FALSE
ui-router,,,505e7fb,0,0,14,477,0,4,0,14,481,P,0,1,FALSE
vue-advanced-chat,,,12e9885,0,0,1,1,0,0,0,1,1,G,1,1,TRUE
vuera,,,3ea31d3,0,0,8,47,0,0,0,8,47,G,1,1,TRUE
vue-typescript-admin-template,1658170655,1658171284,bff1343,0,0,3,18,0,0,0,3,18,G,1,1,TRUE
whenipress,1661399608,1661399814,294b7f1,0,0,2,34,0,0,0,2,34,G,1,1,TRUE
